in_intersection,WITHIN INTERSECT,null,42.36591155700046,-71.10079254499965
in_intersection,WITHIN INTERSECT,null,42.363421822000475,-71.10195775999966
in_intersection,WITHIN INTERSECT,null,42.366791640000486,-71.10600946299962
in_intersection,WITHIN INTERSECT,null,42.366791640000486,-71.10600946299962
in_intersection,WITHIN INTERSECT,null,42.366791640000486,-71.10600946299962
in_intersection,WITHIN INTERSECT,null,42.366791640000486,-71.10600946299962
in_intersection,WITHIN INTERSECT,null,42.363421822000475,-71.10195775999966
in_intersection,WITHIN INTERSECT,null,42.366791640000486,-71.10600946299962
in_intersection,WITHIN INTERSECT,null,42.366791640000486,-71.10600946299962
in_intersection,WITHIN INTERSECT,null,42.36758351800046,-71.09330156099963
in_intersection,WITHIN INTERSECT,null,42.370781854000484,-71.10469894999966
in_intersection,WITHIN INTERSECT,null,42.366791640000486,-71.10600946299962
in_intersection,WITHIN INTERSECT,null,42.366791640000486,-71.10600946299962
in_intersection,WITHIN INTERSECT,null,42.366791640000486,-71.10600946299962
in_intersection,WITHIN INTERSECT,null,42.366791640000486,-71.10600946299962
in_intersection,WITHIN INTERSECT,null,42.366791640000486,-71.10600946299962
in_intersection,WITHIN INTERSECT,null,42.36459092500047,-71.10668731099963
in_intersection,WITHIN INTERSECT,null,42.366791640000486,-71.10600946299962
in_intersection,WITHIN INTERSECT,null,42.366791640000486,-71.10600946299962
in_intersection,WITHIN INTERSECT,null,42.366791640000486,-71.10600946299962
in_intersection,WITHIN INTERSECT,null,42.3864426180005,-71.16069717899967
in_intersection,WITHIN INTERSECT,null,42.366791640000486,-71.10600946299962
in_intersection,WITHIN INTERSECT,null,42.37147268700045,-71.10917608099965
in_intersection,WITHIN INTERSECT,null,42.382353311000486,-71.12906853699963
in_intersection,WITHIN INTERSECT,null,42.366791640000486,-71.10600946299962
in_intersection,WITHIN INTERSECT,null,42.366791640000486,-71.10600946299962
in_intersection,WITHIN INTERSECT,null,42.366791640000486,-71.10600946299962
in_intersection,WITHIN INTERSECT,null,42.35992660500045,-71.10775002199966
in_intersection,WITHIN INTERSECT,null,42.39881037200047,-71.12987556099966
in_intersection,WITHIN INTERSECT,null,42.366791640000486,-71.10600946299962
in_intersection,WITHIN INTERSECT,null,42.366791640000486,-71.10600946299962
in_intersection,WITHIN INTERSECT,null,42.366791640000486,-71.10600946299962
in_intersection,WITHIN INTERSECT,null,42.366791640000486,-71.10600946299962
in_intersection,WITHIN INTERSECT,null,42.366791640000486,-71.10600946299962
in_intersection,WITHIN INTERSECT,null,42.366791640000486,-71.10600946299962
in_intersection,WITHIN INTERSECT,null,42.366791640000486,-71.10600946299962
in_intersection,WITHIN INTERSECT,null,42.366791640000486,-71.10600946299962
in_intersection,WITHIN INTERSECT,null,42.366791640000486,-71.10600946299962
in_intersection,WITHIN INTERSECT,null,42.366791640000486,-71.10600946299962
in_intersection,WITHIN INTERSECT,null,42.366791640000486,-71.10600946299962
in_intersection,WITHIN INTERSECT,null,42.366791640000486,-71.10600946299962
in_intersection,WITHIN INTERSECT,null,42.366791640000486,-71.10600946299962
in_intersection,WITHIN INTERSECT,null,42.3641525110005,-71.09947784499963
in_intersection,WITHIN INTERSECT,null,42.366791640000486,-71.10600946299962
in_intersection,WITHIN INTERSECT,null,42.38607648800047,-71.11920370299964
in_intersection,WITHIN INTERSECT,null,42.366791640000486,-71.10600946299962
in_intersection,WITHIN INTERSECT,null,42.366791640000486,-71.10600946299962
in_intersection,WITHIN INTERSECT,null,42.366791640000486,-71.10600946299962
in_intersection,WITHIN INTERSECT,null,42.366791640000486,-71.10600946299962
in_intersection,WITHIN INTERSECT,null,42.366791640000486,-71.10600946299962
in_intersection,WITHIN INTERSECT,null,42.366791640000486,-71.10600946299962
in_intersection,WITHIN INTERSECT,null,42.37149040000048,-71.10764827699967
in_intersection,WITHIN INTERSECT,null,42.366791640000486,-71.10600946299962
in_intersection,WITHIN INTERSECT,null,42.366791640000486,-71.10600946299962
in_intersection,WITHIN INTERSECT,null,42.366842600000496,-71.09747858099962
in_intersection,WITHIN INTERSECT,null,42.366791640000486,-71.10600946299962
in_intersection,WITHIN INTERSECT,null,42.366791640000486,-71.10600946299962
in_intersection,WITHIN INTERSECT,null,42.365328502000466,-71.11293528999965
in_intersection,WITHIN INTERSECT,null,42.366791640000486,-71.10600946299962
in_intersection,WITHIN INTERSECT,null,42.36935023600046,-71.10761110699963
in_intersection,WITHIN INTERSECT,null,42.366791640000486,-71.10600946299962
in_intersection,WITHIN INTERSECT,null,42.366791640000486,-71.10600946299962
in_intersection,WITHIN INTERSECT,null,42.366791640000486,-71.10600946299962
in_intersection,WITHIN INTERSECT,null,42.366791640000486,-71.10600946299962
in_intersection,WITHIN INTERSECT,null,42.366791640000486,-71.10600946299962
in_intersection,WITHIN INTERSECT,null,42.3725620780005,-71.08512976999964
in_intersection,WITHIN INTERSECT,null,42.36519319000047,-71.09791904199966
in_intersection,WITHIN INTERSECT,null,42.37370457300045,-71.11374200999967
in_intersection,WITHIN INTERSECT,null,42.366791640000486,-71.10600946299962
in_intersection,WITHIN INTERSECT,null,42.39093624700047,-71.12637060499964
in_intersection,WITHIN INTERSECT,null,42.366791640000486,-71.10600946299962
in_intersection,WITHIN INTERSECT,null,42.366791640000486,-71.10600946299962
in_intersection,WITHIN INTERSECT,null,42.366791640000486,-71.10600946299962
in_intersection,WITHIN INTERSECT,null,42.366791640000486,-71.10600946299962
in_intersection,WITHIN INTERSECT,null,42.366791640000486,-71.10600946299962
in_intersection,WITHIN INTERSECT,null,42.366791640000486,-71.10600946299962
in_intersection,WITHIN INTERSECT,null,42.366791640000486,-71.10600946299962
in_intersection,WITHIN INTERSECT,null,42.366791640000486,-71.10600946299962
in_intersection,WITHIN INTERSECT,null,42.36545003800046,-71.11285609699962
in_intersection,WITHIN INTERSECT,null,42.366791640000486,-71.10600946299962
in_intersection,WITHIN INTERSECT,null,42.366791640000486,-71.10600946299962
in_intersection,WITHIN INTERSECT,null,42.366791640000486,-71.10600946299962
in_intersection,WITHIN INTERSECT,null,42.368055953000464,-71.09194301999963
in_intersection,WITHIN INTERSECT,null,42.37335033700049,-71.12289974999965
in_intersection,WITHIN INTERSECT,null,42.38878337500046,-71.12835998999964
in_intersection,WITHIN INTERSECT,null,42.366791640000486,-71.10600946299962
in_intersection,WITHIN INTERSECT,null,42.366791640000486,-71.10600946299962
in_intersection,WITHIN INTERSECT,null,42.36762549400049,-71.09849724099962
in_intersection,WITHIN INTERSECT,null,42.366791640000486,-71.10600946299962
in_intersection,WITHIN INTERSECT,null,42.366791640000486,-71.10600946299962
in_intersection,WITHIN INTERSECT,null,42.36994272600049,-71.08255536499962
in_intersection,WITHIN INTERSECT,null,42.36287269900049,-71.10245817099963
in_intersection,WITHIN INTERSECT,null,42.366791640000486,-71.10600946299962
in_intersection,WITHIN INTERSECT,null,42.366791640000486,-71.10600946299962
in_intersection,WITHIN INTERSECT,null,42.366791640000486,-71.10600946299962
in_intersection,WITHIN INTERSECT,null,42.366791640000486,-71.10600946299962
in_intersection,WITHIN INTERSECT,null,42.366791640000486,-71.10600946299962
in_intersection,WITHIN INTERSECT,null,42.366791640000486,-71.10600946299962
in_intersection,WITHIN INTERSECT,null,42.366791640000486,-71.10600946299962
in_intersection,WITHIN INTERSECT,null,42.366791640000486,-71.10600946299962
in_intersection,WITHIN INTERSECT,null,42.36762549400049,-71.09849724099962
in_intersection,WITHIN INTERSECT,null,42.366791640000486,-71.10600946299962
in_intersection,WITHIN INTERSECT,null,42.366791640000486,-71.10600946299962
in_intersection,WITHIN INTERSECT,null,42.366791640000486,-71.10600946299962
in_intersection,WITHIN INTERSECT,null,42.37180663100048,-71.08139618399963
in_intersection,WITHIN INTERSECT,null,42.37140183200046,-71.09531955999967
in_intersection,WITHIN INTERSECT,null,42.367607716000464,-71.11355752299966
in_intersection,WITHIN INTERSECT,null,42.366791640000486,-71.10600946299962
in_intersection,WITHIN INTERSECT,null,42.366791640000486,-71.10600946299962
in_intersection,WITHIN INTERSECT,null,42.366791640000486,-71.10600946299962
in_intersection,WITHIN INTERSECT,null,42.38894221300046,-71.12078348199964
in_intersection,WITHIN INTERSECT,null,42.366842600000496,-71.09747858099962
in_intersection,WITHIN INTERSECT,null,42.366791640000486,-71.10600946299962
in_intersection,WITHIN INTERSECT,null,42.366791640000486,-71.10600946299962
in_intersection,WITHIN INTERSECT,null,42.366791640000486,-71.10600946299962
in_intersection,WITHIN INTERSECT,null,42.366791640000486,-71.10600946299962
in_intersection,WITHIN INTERSECT,null,42.366791640000486,-71.10600946299962
in_intersection,WITHIN INTERSECT,null,42.36960692500048,-71.10325842699967
in_intersection,WITHIN INTERSECT,null,42.366791640000486,-71.10600946299962
in_intersection,WITHIN INTERSECT,null,42.366791640000486,-71.10600946299962
in_intersection,WITHIN INTERSECT,null,42.366791640000486,-71.10600946299962
in_intersection,WITHIN INTERSECT,null,42.366791640000486,-71.10600946299962
in_intersection,WITHIN INTERSECT,null,42.366791640000486,-71.10600946299962
in_intersection,WITHIN INTERSECT,null,42.36762549400049,-71.09849724099962
in_intersection,WITHIN INTERSECT,null,42.366791640000486,-71.10600946299962
in_intersection,WITHIN INTERSECT,null,42.366791640000486,-71.10600946299962
in_intersection,WITHIN INTERSECT,null,42.366791640000486,-71.10600946299962
in_intersection,WITHIN INTERSECT,null,42.366791640000486,-71.10600946299962
in_intersection,WITHIN INTERSECT,null,42.366791640000486,-71.10600946299962
in_intersection,WITHIN INTERSECT,null,42.366791640000486,-71.10600946299962
in_intersection,WITHIN INTERSECT,null,42.366791640000486,-71.10600946299962
in_intersection,WITHIN INTERSECT,null,42.36157074300047,-71.11195934299963
in_intersection,WITHIN INTERSECT,null,42.366791640000486,-71.10600946299962
in_intersection,WITHIN INTERSECT,null,42.366791640000486,-71.10600946299962
in_intersection,WITHIN INTERSECT,null,42.366791640000486,-71.10600946299962
in_intersection,WITHIN INTERSECT,null,42.39870204100049,-71.12882064699966
in_intersection,WITHIN INTERSECT,null,42.366791640000486,-71.10600946299962
in_intersection,WITHIN INTERSECT,null,42.366791640000486,-71.10600946299962
in_intersection,WITHIN INTERSECT,null,42.366791640000486,-71.10600946299962
in_intersection,WITHIN INTERSECT,null,42.366791640000486,-71.10600946299962
in_intersection,WITHIN INTERSECT,null,42.366791640000486,-71.10600946299962
in_intersection,WITHIN INTERSECT,null,42.366791640000486,-71.10600946299962
in_intersection,WITHIN INTERSECT,null,42.366791640000486,-71.10600946299962
in_intersection,WITHIN INTERSECT,null,42.368700497000475,-71.08377910299964
in_intersection,WITHIN INTERSECT,null,42.366791640000486,-71.10600946299962
in_intersection,WITHIN INTERSECT,null,42.37113600300046,-71.08904964099963
in_intersection,WITHIN INTERSECT,null,42.366791640000486,-71.10600946299962
in_intersection,WITHIN INTERSECT,null,42.366791640000486,-71.10600946299962
in_intersection,WITHIN INTERSECT,null,42.366791640000486,-71.10600946299962
in_intersection,WITHIN INTERSECT,null,42.366791640000486,-71.10600946299962
in_intersection,WITHIN INTERSECT,null,42.366791640000486,-71.10600946299962
in_intersection,WITHIN INTERSECT,null,42.366791640000486,-71.10600946299962
in_intersection,WITHIN INTERSECT,null,42.38609583600049,-71.11927270799964
in_intersection,WITHIN INTERSECT,null,42.366791640000486,-71.10600946299962
in_intersection,WITHIN INTERSECT,null,42.366791640000486,-71.10600946299962
in_intersection,WITHIN INTERSECT,null,42.366791640000486,-71.10600946299962
in_intersection,WITHIN INTERSECT,null,42.366791640000486,-71.10600946299962
in_intersection,WITHIN INTERSECT,null,42.366791640000486,-71.10600946299962
in_intersection,WITHIN INTERSECT,null,42.366791640000486,-71.10600946299962
in_intersection,WITHIN INTERSECT,null,42.366791640000486,-71.10600946299962
in_intersection,WITHIN INTERSECT,null,42.36910348300046,-71.09286621699965
in_intersection,WITHIN INTERSECT,null,42.36206229800047,-71.11051789199962
in_intersection,WITHIN INTERSECT,null,42.36979431700047,-71.08981946499966
in_intersection,WITHIN INTERSECT,null,42.366791640000486,-71.10600946299962
in_intersection,WITHIN INTERSECT,null,42.366791640000486,-71.10600946299962
in_intersection,WITHIN INTERSECT,null,42.366791640000486,-71.10600946299962
in_intersection,WITHIN INTERSECT,null,42.366791640000486,-71.10600946299962
in_intersection,WITHIN INTERSECT,null,42.36782319200046,-71.11355752299966
in_intersection,WITHIN INTERSECT,null,42.366791640000486,-71.10600946299962
in_intersection,WITHIN INTERSECT,null,42.366791640000486,-71.10600946299962
in_intersection,WITHIN INTERSECT,null,42.366791640000486,-71.10600946299962
in_intersection,WITHIN INTERSECT,null,42.36974371600047,-71.11334906099967
in_intersection,WITHIN INTERSECT,null,42.3596419910005,-71.10814179799962
in_intersection,WITHIN INTERSECT,null,42.366791640000486,-71.10600946299962
in_intersection,WITHIN INTERSECT,null,42.366791640000486,-71.10600946299962
in_intersection,WITHIN INTERSECT,null,42.366791640000486,-71.10600946299962
in_intersection,WITHIN INTERSECT,null,42.381572218000485,-71.12092521199963
in_intersection,WITHIN INTERSECT,null,42.366791640000486,-71.10600946299962
in_intersection,WITHIN INTERSECT,null,42.366791640000486,-71.10600946299962
in_intersection,WITHIN INTERSECT,null,42.366791640000486,-71.10600946299962
in_intersection,WITHIN INTERSECT,null,42.366791640000486,-71.10600946299962
in_intersection,WITHIN INTERSECT,null,42.36701429100049,-71.10643642099967
in_intersection,WITHIN INTERSECT,null,42.366791640000486,-71.10600946299962
in_intersection,WITHIN INTERSECT,null,42.366791640000486,-71.10600946299962
in_intersection,WITHIN INTERSECT,null,42.366791640000486,-71.10600946299962
in_intersection,WITHIN INTERSECT,null,42.37337136600047,-71.11068121599965
in_intersection,WITHIN INTERSECT,null,42.366791640000486,-71.10600946299962
in_intersection,WITHIN INTERSECT,null,42.366791640000486,-71.10600946299962
in_intersection,WITHIN INTERSECT,null,42.366791640000486,-71.10600946299962
in_intersection,WITHIN INTERSECT,null,42.366791640000486,-71.10600946299962
in_intersection,WITHIN INTERSECT,null,42.3864426180005,-71.16069717899967
in_intersection,WITHIN INTERSECT,null,42.366791640000486,-71.10600946299962
in_intersection,WITHIN INTERSECT,null,42.366791640000486,-71.10600946299962
in_intersection,WITHIN INTERSECT,null,42.36762549400049,-71.09849724099962
in_intersection,WITHIN INTERSECT,null,42.366791640000486,-71.10600946299962
in_intersection,WITHIN INTERSECT,null,42.366791640000486,-71.10600946299962
in_intersection,WITHIN INTERSECT,null,42.366791640000486,-71.10600946299962
in_intersection,WITHIN INTERSECT,null,42.36142017700047,-71.10851624699967
in_intersection,WITHIN INTERSECT,null,42.366791640000486,-71.10600946299962
in_intersection,WITHIN INTERSECT,null,42.366791640000486,-71.10600946299962
in_intersection,WITHIN INTERSECT,null,42.366791640000486,-71.10600946299962
in_intersection,WITHIN INTERSECT,null,42.366791640000486,-71.10600946299962
in_intersection,WITHIN INTERSECT,null,42.366791640000486,-71.10600946299962
in_intersection,WITHIN INTERSECT,null,42.366791640000486,-71.10600946299962
in_intersection,WITHIN INTERSECT,null,42.3617412370005,-71.10952371199966
in_intersection,WITHIN INTERSECT,null,42.35974454500047,-71.11213445399966
in_intersection,WITHIN INTERSECT,null,42.366791640000486,-71.10600946299962
in_intersection,WITHIN INTERSECT,null,42.366791640000486,-71.10600946299962
in_intersection,WITHIN INTERSECT,null,42.366791640000486,-71.10600946299962
in_intersection,WITHIN INTERSECT,null,42.36762549400049,-71.09849724099962
in_intersection,WITHIN INTERSECT,null,42.366791640000486,-71.10600946299962
in_intersection,WITHIN INTERSECT,null,42.366791640000486,-71.10600946299962
in_intersection,WITHIN INTERSECT,null,42.366791640000486,-71.10600946299962
in_intersection,WITHIN INTERSECT,null,42.366791640000486,-71.10600946299962
in_intersection,WITHIN INTERSECT,null,42.366791640000486,-71.10600946299962
in_intersection,WITHIN INTERSECT,null,42.39870204100049,-71.12882064699966
in_intersection,WITHIN INTERSECT,null,42.366791640000486,-71.10600946299962
in_intersection,WITHIN INTERSECT,null,42.366791640000486,-71.10600946299962
in_intersection,WITHIN INTERSECT,null,42.366791640000486,-71.10600946299962
in_intersection,WITHIN INTERSECT,null,42.366791640000486,-71.10600946299962
in_intersection,WITHIN INTERSECT,null,42.366791640000486,-71.10600946299962
in_intersection,WITHIN INTERSECT,null,42.366791640000486,-71.10600946299962
in_intersection,WITHIN INTERSECT,null,42.366791640000486,-71.10600946299962
in_intersection,WITHIN INTERSECT,null,42.366791640000486,-71.10600946299962
in_intersection,WITHIN INTERSECT,null,42.366791640000486,-71.10600946299962
in_intersection,WITHIN INTERSECT,null,42.366791640000486,-71.10600946299962
in_intersection,WITHIN INTERSECT,null,42.366791640000486,-71.10600946299962
in_intersection,WITHIN INTERSECT,null,42.366791640000486,-71.10600946299962
in_intersection,WITHIN INTERSECT,null,42.366791640000486,-71.10600946299962
in_intersection,WITHIN INTERSECT,null,42.366791640000486,-71.10600946299962
in_intersection,WITHIN INTERSECT,null,42.366791640000486,-71.10600946299962
in_intersection,WITHIN INTERSECT,null,42.366791640000486,-71.10600946299962
in_intersection,WITHIN INTERSECT,null,42.366791640000486,-71.10600946299962
in_intersection,WITHIN INTERSECT,null,42.361047563000454,-71.10323067299964
in_intersection,WITHIN INTERSECT,null,42.366791640000486,-71.10600946299962
in_intersection,WITHIN INTERSECT,null,42.366791640000486,-71.10600946299962
in_intersection,WITHIN INTERSECT,null,42.366791640000486,-71.10600946299962
in_intersection,WITHIN INTERSECT,null,42.366791640000486,-71.10600946299962
in_intersection,WITHIN INTERSECT,null,42.366791640000486,-71.10600946299962
in_intersection,WITHIN INTERSECT,null,42.366791640000486,-71.10600946299962
in_intersection,WITHIN INTERSECT,null,42.366791640000486,-71.10600946299962
in_intersection,WITHIN INTERSECT,null,42.366791640000486,-71.10600946299962
in_intersection,WITHIN INTERSECT,null,42.366791640000486,-71.10600946299962
in_intersection,WITHIN INTERSECT,null,42.366791640000486,-71.10600946299962
in_intersection,WITHIN INTERSECT,null,42.366791640000486,-71.10600946299962
in_intersection,WITHIN INTERSECT,null,42.366791640000486,-71.10600946299962
in_intersection,WITHIN INTERSECT,null,42.383172738000496,-71.11959778399967
in_intersection,WITHIN INTERSECT,null,42.366791640000486,-71.10600946299962
in_intersection,WITHIN INTERSECT,null,42.366791640000486,-71.10600946299962
in_intersection,WITHIN INTERSECT,null,42.366791640000486,-71.10600946299962
in_intersection,WITHIN INTERSECT,null,42.366791640000486,-71.10600946299962
in_intersection,WITHIN INTERSECT,null,42.35924803800049,-71.10966763599964
in_intersection,WITHIN INTERSECT,null,42.366791640000486,-71.10600946299962
in_intersection,WITHIN INTERSECT,null,42.36623304400047,-71.09324970799963
in_intersection,WITHIN INTERSECT,null,42.366791640000486,-71.10600946299962
in_intersection,WITHIN INTERSECT,null,42.366791640000486,-71.10600946299962
in_intersection,WITHIN INTERSECT,null,42.366791640000486,-71.10600946299962
in_intersection,WITHIN INTERSECT,null,42.366791640000486,-71.10600946299962
in_intersection,WITHIN INTERSECT,null,42.36287269900049,-71.10245817099963
in_intersection,WITHIN INTERSECT,null,42.366791640000486,-71.10600946299962
in_intersection,WITHIN INTERSECT,null,42.366791640000486,-71.10600946299962
in_intersection,WITHIN INTERSECT,null,42.3641525110005,-71.09947784499963
in_intersection,WITHIN INTERSECT,null,42.366791640000486,-71.10600946299962
in_intersection,WITHIN INTERSECT,null,42.366791640000486,-71.10600946299962
in_intersection,WITHIN INTERSECT,null,42.366791640000486,-71.10600946299962
in_intersection,WITHIN INTERSECT,null,42.366791640000486,-71.10600946299962
in_intersection,WITHIN INTERSECT,null,42.366791640000486,-71.10600946299962
in_intersection,WITHIN INTERSECT,null,42.366791640000486,-71.10600946299962
in_intersection,WITHIN INTERSECT,null,42.366791640000486,-71.10600946299962
in_intersection,WITHIN INTERSECT,null,42.366791640000486,-71.10600946299962
in_intersection,WITHIN INTERSECT,null,42.366791640000486,-71.10600946299962
in_intersection,WITHIN INTERSECT,null,42.366791640000486,-71.10600946299962
in_intersection,WITHIN INTERSECT,null,42.366791640000486,-71.10600946299962
in_intersection,WITHIN INTERSECT,null,42.366791640000486,-71.10600946299962
in_intersection,WITHIN INTERSECT,null,42.369226323000476,-71.09011722999963
in_intersection,WITHIN INTERSECT,null,42.366791640000486,-71.10600946299962
in_intersection,WITHIN INTERSECT,null,42.366791640000486,-71.10600946299962
in_intersection,WITHIN INTERSECT,null,42.369226323000476,-71.09011722999963
in_intersection,WITHIN INTERSECT,null,42.366791640000486,-71.10600946299962
in_intersection,WITHIN INTERSECT,null,42.366791640000486,-71.10600946299962
in_intersection,WITHIN INTERSECT,null,42.366791640000486,-71.10600946299962
in_intersection,WITHIN INTERSECT,null,42.366791640000486,-71.10600946299962
in_intersection,WITHIN INTERSECT,null,42.37449260000045,-71.10690424699965
in_intersection,WITHIN INTERSECT,null,42.366791640000486,-71.10600946299962
in_intersection,WITHIN INTERSECT,null,42.366791640000486,-71.10600946299962
in_intersection,WITHIN INTERSECT,null,42.366791640000486,-71.10600946299962
in_intersection,WITHIN INTERSECT,null,42.366791640000486,-71.10600946299962
in_intersection,WITHIN INTERSECT,null,42.3683200910005,-71.11469737499965
in_intersection,WITHIN INTERSECT,null,42.366791640000486,-71.10600946299962
in_intersection,WITHIN INTERSECT,null,42.366791640000486,-71.10600946299962
in_intersection,WITHIN INTERSECT,null,42.366791640000486,-71.10600946299962
in_intersection,WITHIN INTERSECT,null,42.366791640000486,-71.10600946299962
in_intersection,WITHIN INTERSECT,null,42.366791640000486,-71.10600946299962
in_intersection,WITHIN INTERSECT,null,42.366791640000486,-71.10600946299962
in_intersection,WITHIN INTERSECT,null,42.366791640000486,-71.10600946299962
in_intersection,WITHIN INTERSECT,null,42.36633046600048,-71.10089995299967
in_intersection,WITHIN INTERSECT,null,42.366791640000486,-71.10600946299962
in_intersection,WITHIN INTERSECT,null,42.366791640000486,-71.10600946299962
in_intersection,WITHIN INTERSECT,null,42.366791640000486,-71.10600946299962
in_intersection,WITHIN INTERSECT,null,42.366791640000486,-71.10600946299962
in_intersection,WITHIN INTERSECT,null,42.366791640000486,-71.10600946299962
in_intersection,WITHIN INTERSECT,null,42.366791640000486,-71.10600946299962
in_intersection,WITHIN INTERSECT,null,42.35808410700048,-71.11301479799965
in_intersection,WITHIN INTERSECT,null,42.366791640000486,-71.10600946299962
in_intersection,WITHIN INTERSECT,null,42.369226323000476,-71.09011722999963
in_intersection,WITHIN INTERSECT,null,42.366791640000486,-71.10600946299962
in_intersection,WITHIN INTERSECT,null,42.366791640000486,-71.10600946299962
in_intersection,WITHIN INTERSECT,null,42.37113600300046,-71.08904964099963
in_intersection,WITHIN INTERSECT,null,42.366791640000486,-71.10600946299962
in_intersection,WITHIN INTERSECT,null,42.366791640000486,-71.10600946299962
in_intersection,WITHIN INTERSECT,null,42.366791640000486,-71.10600946299962
in_intersection,WITHIN INTERSECT,null,42.366791640000486,-71.10600946299962
in_intersection,WITHIN INTERSECT,null,42.366791640000486,-71.10600946299962
in_intersection,WITHIN INTERSECT,null,42.366791640000486,-71.10600946299962
in_intersection,WITHIN INTERSECT,null,42.366791640000486,-71.10600946299962
in_intersection,WITHIN INTERSECT,null,42.366791640000486,-71.10600946299962
in_intersection,WITHIN INTERSECT,null,42.366791640000486,-71.10600946299962
in_intersection,WITHIN INTERSECT,null,42.366791640000486,-71.10600946299962
in_intersection,WITHIN INTERSECT,null,42.366791640000486,-71.10600946299962
in_intersection,WITHIN INTERSECT,null,42.366791640000486,-71.10600946299962
in_intersection,WITHIN INTERSECT,null,42.366791640000486,-71.10600946299962
in_intersection,WITHIN INTERSECT,null,42.366791640000486,-71.10600946299962
in_intersection,WITHIN INTERSECT,null,42.36226458400046,-71.10452478499963
in_intersection,WITHIN INTERSECT,null,42.366791640000486,-71.10600946299962
in_intersection,WITHIN INTERSECT,null,42.366791640000486,-71.10600946299962
in_intersection,WITHIN INTERSECT,null,42.366791640000486,-71.10600946299962
in_intersection,WITHIN INTERSECT,null,42.366791640000486,-71.10600946299962
in_intersection,WITHIN INTERSECT,null,42.366791640000486,-71.10600946299962
in_intersection,WITHIN INTERSECT,null,42.366791640000486,-71.10600946299962
in_intersection,WITHIN INTERSECT,null,42.366791640000486,-71.10600946299962
in_intersection,WITHIN INTERSECT,null,42.366791640000486,-71.10600946299962
in_intersection,WITHIN INTERSECT,null,42.366791640000486,-71.10600946299962
in_intersection,WITHIN INTERSECT,null,42.366791640000486,-71.10600946299962
in_intersection,WITHIN INTERSECT,null,42.36591155700046,-71.10079254499965
in_intersection,WITHIN INTERSECT,null,42.366791640000486,-71.10600946299962
in_intersection,WITHIN INTERSECT,null,42.366791640000486,-71.10600946299962
in_intersection,WITHIN INTERSECT,null,42.366791640000486,-71.10600946299962
in_intersection,WITHIN INTERSECT,null,42.366791640000486,-71.10600946299962
in_intersection,WITHIN INTERSECT,null,42.366791640000486,-71.10600946299962
in_intersection,WITHIN INTERSECT,null,42.39159476600048,-71.12356739399962
in_intersection,WITHIN INTERSECT,null,42.39159476600048,-71.12356739399962
in_intersection,WITHIN INTERSECT,null,42.39159476600048,-71.12356739399962
in_intersection,WITHIN INTERSECT,null,42.39159476600048,-71.12356739399962
in_intersection,WITHIN INTERSECT,null,42.39159476600048,-71.12356739399962
in_intersection,WITHIN INTERSECT,null,42.39159476600048,-71.12356739399962
in_intersection,WITHIN INTERSECT,null,42.39159476600048,-71.12356739399962
in_intersection,WITHIN INTERSECT,null,42.39159476600048,-71.12356739399962
in_intersection,WITHIN INTERSECT,null,42.39159476600048,-71.12356739399962
in_intersection,WITHIN INTERSECT,null,42.39159476600048,-71.12356739399962
in_intersection,WITHIN INTERSECT,null,42.39159476600048,-71.12356739399962
in_intersection,WITHIN INTERSECT,null,42.39159476600048,-71.12356739399962
in_intersection,WITHIN INTERSECT,null,42.39159476600048,-71.12356739399962
in_intersection,WITHIN INTERSECT,null,42.39159476600048,-71.12356739399962
in_intersection,WITHIN INTERSECT,null,42.39159476600048,-71.12356739399962
in_intersection,WITHIN INTERSECT,null,42.39159476600048,-71.12356739399962
in_intersection,WITHIN INTERSECT,null,42.39159476600048,-71.12356739399962
in_intersection,WITHIN INTERSECT,null,42.39159476600048,-71.12356739399962
in_intersection,WITHIN INTERSECT,null,42.39159476600048,-71.12356739399962
in_intersection,WITHIN INTERSECT,null,42.39159476600048,-71.12356739399962
in_intersection,WITHIN INTERSECT,null,42.39159476600048,-71.12356739399962
in_intersection,WITHIN INTERSECT,null,42.39159476600048,-71.12356739399962
in_intersection,WITHIN INTERSECT,null,42.39159476600048,-71.12356739399962
in_intersection,WITHIN INTERSECT,null,42.39159476600048,-71.12356739399962
in_intersection,WITHIN INTERSECT,null,42.39159476600048,-71.12356739399962
in_intersection,WITHIN INTERSECT,null,42.39159476600048,-71.12356739399962
in_intersection,WITHIN INTERSECT,null,42.39159476600048,-71.12356739399962
in_intersection,WITHIN INTERSECT,null,42.39159476600048,-71.12356739399962
in_intersection,WITHIN INTERSECT,null,42.39159476600048,-71.12356739399962
in_intersection,WITHIN INTERSECT,null,42.39159476600048,-71.12356739399962
in_intersection,WITHIN INTERSECT,null,42.39159476600048,-71.12356739399962
in_intersection,WITHIN INTERSECT,null,42.39159476600048,-71.12356739399962
in_intersection,WITHIN INTERSECT,null,42.39159476600048,-71.12356739399962
in_intersection,WITHIN INTERSECT,null,42.39159476600048,-71.12356739399962
in_intersection,WITHIN INTERSECT,null,42.39159476600048,-71.12356739399962
in_intersection,WITHIN INTERSECT,null,42.39159476600048,-71.12356739399962
in_intersection,WITHIN INTERSECT,null,42.39159476600048,-71.12356739399962
in_intersection,WITHIN INTERSECT,null,42.39159476600048,-71.12356739399962
in_intersection,WITHIN INTERSECT,null,42.39159476600048,-71.12356739399962
in_intersection,WITHIN INTERSECT,null,42.39159476600048,-71.12356739399962
in_intersection,WITHIN INTERSECT,null,42.39159476600048,-71.12356739399962
in_intersection,WITHIN INTERSECT,null,42.39159476600048,-71.12356739399962
in_intersection,WITHIN INTERSECT,null,42.39159476600048,-71.12356739399962
in_intersection,WITHIN INTERSECT,null,42.39159476600048,-71.12356739399962
in_intersection,WITHIN INTERSECT,null,42.39159476600048,-71.12356739399962
in_intersection,WITHIN INTERSECT,null,42.39159476600048,-71.12356739399962
in_intersection,WITHIN INTERSECT,null,42.39159476600048,-71.12356739399962
in_intersection,WITHIN INTERSECT,null,42.39159476600048,-71.12356739399962
in_intersection,WITHIN INTERSECT,null,42.39159476600048,-71.12356739399962
in_intersection,WITHIN INTERSECT,null,42.39159476600048,-71.12356739399962
in_intersection,WITHIN INTERSECT,null,42.39159476600048,-71.12356739399962
in_intersection,WITHIN INTERSECT,null,42.39159476600048,-71.12356739399962
in_intersection,WITHIN INTERSECT,null,42.39159476600048,-71.12356739399962
in_intersection,WITHIN INTERSECT,null,42.39159476600048,-71.12356739399962
in_intersection,WITHIN INTERSECT,null,42.39159476600048,-71.12356739399962
in_intersection,WITHIN INTERSECT,null,42.39159476600048,-71.12356739399962
in_intersection,WITHIN INTERSECT,null,42.36900543300004,-71.09026990699994
in_intersection,WITHIN INTERSECT,null,42.36679362800004,-71.10600609899996
in_intersection,WITHIN INTERSECT,null,42.36679362800004,-71.10600609899996
in_intersection,WITHIN INTERSECT,null,42.36679362800004,-71.10600609899996
in_intersection,WITHIN INTERSECT,null,42.38432395700005,-71.11610655599998
in_intersection,WITHIN INTERSECT,null,42.36900543300004,-71.09026990699994
in_intersection,WITHIN INTERSECT,null,42.36679362800004,-71.10600609899996
in_intersection,WITHIN INTERSECT,null,42.36679362800004,-71.10600609899996
in_intersection,WITHIN INTERSECT,null,42.36679362800004,-71.10600609899996
in_intersection,WITHIN INTERSECT,null,42.36679362800004,-71.10600609899996
in_intersection,WITHIN INTERSECT,null,42.36826797300006,-71.09070777399995
in_intersection,WITHIN INTERSECT,null,42.36679362800004,-71.10600609899996
in_intersection,WITHIN INTERSECT,null,42.36679362800004,-71.10600609899996
in_intersection,WITHIN INTERSECT,null,42.36826797300006,-71.09070777399995
in_intersection,WITHIN INTERSECT,null,42.36679362800004,-71.10600609899996
in_intersection,WITHIN INTERSECT,null,42.36900543300004,-71.09026990699994
in_intersection,WITHIN INTERSECT,null,42.36679362800004,-71.10600609899996
in_intersection,WITHIN INTERSECT,null,42.36679362800004,-71.10600609899996
in_intersection,WITHIN INTERSECT,null,42.36679362800004,-71.10600609899996
in_intersection,WITHIN INTERSECT,null,42.36679362800004,-71.10600609899996
in_intersection,WITHIN INTERSECT,null,42.37077303400008,-71.09059024099997
in_intersection,WITHIN INTERSECT,null,42.36679362800004,-71.10600609899996
in_intersection,WITHIN INTERSECT,null,42.36545003800006,-71.11285609699996
in_intersection,WITHIN INTERSECT,null,42.36679362800004,-71.10600609899996
in_intersection,WITHIN INTERSECT,null,42.36539532200004,-71.09784006699994
in_intersection,WITHIN INTERSECT,null,42.36679362800004,-71.10600609899996
in_intersection,WITHIN INTERSECT,null,42.36679362800004,-71.10600609899996
in_intersection,WITHIN INTERSECT,null,42.367143346000034,-71.11122991299999
in_intersection,WITHIN INTERSECT,null,42.36679362800004,-71.10600609899996
in_intersection,WITHIN INTERSECT,null,42.36679362800004,-71.10600609899996
in_intersection,WITHIN INTERSECT,null,42.36679362800004,-71.10600609899996
in_intersection,WITHIN INTERSECT,null,42.36679362800004,-71.10600609899996
in_intersection,WITHIN INTERSECT,null,42.36679362800004,-71.10600609899996
in_intersection,WITHIN INTERSECT,null,42.36679362800004,-71.10600609899996
in_intersection,WITHIN INTERSECT,null,42.36679362800004,-71.10600609899996
in_intersection,WITHIN INTERSECT,null,42.36679362800004,-71.10600609899996
in_intersection,WITHIN INTERSECT,null,42.37077303400008,-71.09059024099997
in_intersection,WITHIN INTERSECT,null,42.36545003800006,-71.11285609699996
in_intersection,WITHIN INTERSECT,null,42.36679362800004,-71.10600609899996
in_intersection,WITHIN INTERSECT,null,42.387604414000066,-71.12154168299998
in_intersection,WITHIN INTERSECT,null,42.36900543300004,-71.09026990699994
in_intersection,WITHIN INTERSECT,null,42.36679362800004,-71.10600609899996
in_intersection,WITHIN INTERSECT,null,42.36900543300004,-71.09026990699994
in_intersection,WITHIN INTERSECT,null,42.36679362800004,-71.10600609899996
in_intersection,WITHIN INTERSECT,null,42.36679362800004,-71.10600609899996
in_intersection,WITHIN INTERSECT,null,42.36679362800004,-71.10600609899996
in_intersection,WITHIN INTERSECT,null,42.36679362800004,-71.10600609899996
in_intersection,WITHIN INTERSECT,null,42.36679362800004,-71.10600609899996
in_intersection,WITHIN INTERSECT,null,42.36679362800004,-71.10600609899996
in_intersection,WITHIN INTERSECT,null,42.36679362800004,-71.10600609899996
in_intersection,WITHIN INTERSECT,null,42.36860904900004,-71.11354715199997
in_intersection,WITHIN INTERSECT,null,42.36679362800004,-71.10600609899996
in_intersection,WITHIN INTERSECT,null,42.36679362800004,-71.10600609899996
in_intersection,WITHIN INTERSECT,null,42.36679362800004,-71.10600609899996
in_intersection,WITHIN INTERSECT,null,42.37077303400008,-71.09059024099997
in_intersection,WITHIN INTERSECT,null,42.36591155700006,-71.10079254399994
in_intersection,WITHIN INTERSECT,null,42.36679362800004,-71.10600609899996
in_intersection,WITHIN INTERSECT,null,42.36679362800004,-71.10600609899996
in_intersection,WITHIN INTERSECT,null,42.37005116500006,-71.08344697099994
in_intersection,WITHIN INTERSECT,null,42.36679362800004,-71.10600609899996
in_intersection,WITHIN INTERSECT,null,42.36679362800004,-71.10600609899996
in_intersection,WITHIN INTERSECT,null,42.36679362800004,-71.10600609899996
in_intersection,WITHIN INTERSECT,null,42.36679362800004,-71.10600609899996
in_intersection,WITHIN INTERSECT,null,42.36679362800004,-71.10600609899996
in_intersection,WITHIN INTERSECT,null,42.38672176600005,-71.11776219899997
in_intersection,WITHIN INTERSECT,null,42.36591155700006,-71.10079254399994
in_intersection,WITHIN INTERSECT,null,42.36679362800004,-71.10600609899996
in_intersection,WITHIN INTERSECT,null,42.36679362800004,-71.10600609899996
in_intersection,WITHIN INTERSECT,null,42.36679362800004,-71.10600609899996
in_intersection,WITHIN INTERSECT,null,42.36979589900005,-71.10214071399997
in_intersection,WITHIN INTERSECT,null,42.36679362800004,-71.10600609899996
in_intersection,WITHIN INTERSECT,null,42.36679362800004,-71.10600609899996
in_intersection,WITHIN INTERSECT,null,42.36679362800004,-71.10600609899996
in_intersection,WITHIN INTERSECT,null,42.36679362800004,-71.10600609899996
in_intersection,WITHIN INTERSECT,null,42.39394248200006,-71.12633620299994
in_intersection,WITHIN INTERSECT,null,42.36679362800004,-71.10600609899996
in_intersection,WITHIN INTERSECT,null,42.36679362800004,-71.10600609899996
in_intersection,WITHIN INTERSECT,null,42.377911607000044,-71.10815754499998
in_intersection,WITHIN INTERSECT,null,42.36591155700006,-71.10079254399994
in_intersection,WITHIN INTERSECT,null,42.36679362800004,-71.10600609899996
in_intersection,WITHIN INTERSECT,null,42.36679362800004,-71.10600609899996
in_intersection,WITHIN INTERSECT,null,42.36679362800004,-71.10600609899996
in_intersection,WITHIN INTERSECT,null,42.36679362800004,-71.10600609899996
in_intersection,WITHIN INTERSECT,null,42.36679362800004,-71.10600609899996
in_intersection,WITHIN INTERSECT,null,42.36679362800004,-71.10600609899996
in_intersection,WITHIN INTERSECT,null,42.36679362800004,-71.10600609899996
in_intersection,WITHIN INTERSECT,null,42.36679362800004,-71.10600609899996
in_intersection,WITHIN INTERSECT,null,42.36679362800004,-71.10600609899996
in_intersection,WITHIN INTERSECT,null,42.36679362800004,-71.10600609899996
in_intersection,WITHIN INTERSECT,null,42.36679362800004,-71.10600609899996
in_intersection,WITHIN INTERSECT,null,42.36679362800004,-71.10600609899996
in_intersection,WITHIN INTERSECT,null,42.376252134000026,-71.13259091299994
in_intersection,WITHIN INTERSECT,null,42.36679362800004,-71.10600609899996
in_intersection,WITHIN INTERSECT,null,42.36679362800004,-71.10600609899996
in_intersection,WITHIN INTERSECT,null,42.36679362800004,-71.10600609899996
in_intersection,WITHIN INTERSECT,null,42.36679362800004,-71.10600609899996
in_intersection,WITHIN INTERSECT,null,42.36679362800004,-71.10600609899996
in_intersection,WITHIN INTERSECT,null,42.36679362800004,-71.10600609899996
in_intersection,WITHIN INTERSECT,null,42.389353578000055,-71.12161773399998
in_intersection,WITHIN INTERSECT,null,42.36679362800004,-71.10600609899996
in_intersection,WITHIN INTERSECT,null,42.36679362800004,-71.10600609899996
in_intersection,WITHIN INTERSECT,null,42.36679362800004,-71.10600609899996
in_intersection,WITHIN INTERSECT,null,42.36679362800004,-71.10600609899996
in_intersection,WITHIN INTERSECT,null,42.36679362800004,-71.10600609899996
in_intersection,WITHIN INTERSECT,null,42.359926605000055,-71.10775002199995
in_intersection,WITHIN INTERSECT,null,42.36679362800004,-71.10600609899996
in_intersection,WITHIN INTERSECT,null,42.36214208900003,-71.09814811799998
in_intersection,WITHIN INTERSECT,null,42.36679362800004,-71.10600609899996
in_intersection,WITHIN INTERSECT,null,42.37000245200005,-71.09337991299998
in_intersection,WITHIN INTERSECT,null,42.36679362800004,-71.10600609899996
in_intersection,WITHIN INTERSECT,null,42.36679362800004,-71.10600609899996
in_intersection,WITHIN INTERSECT,null,42.36679362800004,-71.10600609899996
in_intersection,WITHIN INTERSECT,null,42.36679362800004,-71.10600609899996
in_intersection,WITHIN INTERSECT,null,42.36679362800004,-71.10600609899996
in_intersection,WITHIN INTERSECT,null,42.39166505500003,-71.12377826199997
in_intersection,WITHIN INTERSECT,null,42.36679362800004,-71.10600609899996
in_intersection,WITHIN INTERSECT,null,42.36679362800004,-71.10600609899996
in_intersection,WITHIN INTERSECT,null,42.36679362800004,-71.10600609899996
in_intersection,WITHIN INTERSECT,null,42.36679362800004,-71.10600609899996
in_intersection,WITHIN INTERSECT,null,42.36679362800004,-71.10600609899996
in_intersection,WITHIN INTERSECT,null,42.36679362800004,-71.10600609899996
in_intersection,WITHIN INTERSECT,null,42.36679362800004,-71.10600609899996
in_intersection,WITHIN INTERSECT,null,42.36679362800004,-71.10600609899996
in_intersection,WITHIN INTERSECT,null,42.36679362800004,-71.10600609899996
in_intersection,WITHIN INTERSECT,null,42.36679362800004,-71.10600609899996
in_intersection,WITHIN INTERSECT,null,42.36679362800004,-71.10600609899996
in_intersection,WITHIN INTERSECT,null,42.36679362800004,-71.10600609899996
in_intersection,WITHIN INTERSECT,null,42.36679362800004,-71.10600609899996
in_intersection,WITHIN INTERSECT,null,42.36015365000003,-71.11274981499997
in_intersection,WITHIN INTERSECT,null,42.36679362800004,-71.10600609899996
in_intersection,WITHIN INTERSECT,null,42.36679362800004,-71.10600609899996
in_intersection,WITHIN INTERSECT,null,42.36679362800004,-71.10600609899996
in_intersection,WITHIN INTERSECT,null,42.36679362800004,-71.10600609899996
in_intersection,WITHIN INTERSECT,null,42.38609583700003,-71.11927270799998
in_intersection,WITHIN INTERSECT,null,42.36679362800004,-71.10600609899996
in_intersection,WITHIN INTERSECT,null,42.36679362800004,-71.10600609899996
in_intersection,WITHIN INTERSECT,null,42.36679362800004,-71.10600609899996
in_intersection,WITHIN INTERSECT,null,42.36679362800004,-71.10600609899996
in_intersection,WITHIN INTERSECT,null,42.36679362800004,-71.10600609899996
in_intersection,WITHIN INTERSECT,null,42.36679362800004,-71.10600609899996
in_intersection,WITHIN INTERSECT,null,42.36679362800004,-71.10600609899996
in_intersection,WITHIN INTERSECT,null,42.36679362800004,-71.10600609899996
in_intersection,WITHIN INTERSECT,null,42.36679362800004,-71.10600609899996
in_intersection,WITHIN INTERSECT,null,42.36679362800004,-71.10600609899996
in_intersection,WITHIN INTERSECT,null,42.36679362800004,-71.10600609899996
in_intersection,WITHIN INTERSECT,null,42.36679362800004,-71.10600609899996
in_intersection,WITHIN INTERSECT,null,42.36906686800006,-71.09868260399998
in_intersection,WITHIN INTERSECT,null,42.36679362800004,-71.10600609899996
in_intersection,WITHIN INTERSECT,null,42.37069328500007,-71.09067857799994
in_intersection,WITHIN INTERSECT,null,42.38270758400006,-71.12964423099999
in_intersection,WITHIN INTERSECT,null,42.36679362800004,-71.10600609899996
in_intersection,WITHIN INTERSECT,null,42.36679362800004,-71.10600609899996
in_intersection,WITHIN INTERSECT,null,42.36679362800004,-71.10600609899996
in_intersection,WITHIN INTERSECT,null,42.36679362800004,-71.10600609899996
in_intersection,WITHIN INTERSECT,null,42.36679362800004,-71.10600609899996
in_intersection,WITHIN INTERSECT,null,42.36679362800004,-71.10600609899996
in_intersection,WITHIN INTERSECT,null,42.385526850000076,-71.11925325099998
in_intersection,WITHIN INTERSECT,null,42.36679362800004,-71.10600609899996
in_intersection,WITHIN INTERSECT,null,42.37146383000004,-71.11201912599995
in_intersection,WITHIN INTERSECT,null,42.36679362800004,-71.10600609899996
in_intersection,WITHIN INTERSECT,null,42.36679362800004,-71.10600609899996
in_intersection,WITHIN INTERSECT,null,42.36679362800004,-71.10600609899996
in_intersection,WITHIN INTERSECT,null,42.36679362800004,-71.10600609899996
in_intersection,WITHIN INTERSECT,null,42.36679362800004,-71.10600609899996
in_intersection,WITHIN INTERSECT,null,42.36679362800004,-71.10600609899996
in_intersection,WITHIN INTERSECT,null,42.36679362800004,-71.10600609899996
in_intersection,WITHIN INTERSECT,null,42.36679362800004,-71.10600609899996
in_intersection,WITHIN INTERSECT,null,42.36679362800004,-71.10600609899996
in_intersection,WITHIN INTERSECT,null,42.36679362800004,-71.10600609899996
in_intersection,WITHIN INTERSECT,null,42.36679362800004,-71.10600609899996
in_intersection,WITHIN INTERSECT,null,42.36679362800004,-71.10600609899996
in_intersection,WITHIN INTERSECT,null,42.36679362800004,-71.10600609899996
in_intersection,WITHIN INTERSECT,null,42.36679362800004,-71.10600609899996
in_intersection,WITHIN INTERSECT,null,42.36679362800004,-71.10600609899996
in_intersection,WITHIN INTERSECT,null,42.36679362800004,-71.10600609899996
in_intersection,WITHIN INTERSECT,null,42.36679362800004,-71.10600609899996
in_intersection,WITHIN INTERSECT,null,42.36679362800004,-71.10600609899996
in_intersection,WITHIN INTERSECT,null,42.36679362800004,-71.10600609899996
in_intersection,WITHIN INTERSECT,null,42.36679362800004,-71.10600609899996
in_intersection,WITHIN INTERSECT,null,42.36679362800004,-71.10600609899996
in_intersection,WITHIN INTERSECT,null,42.36679362800004,-71.10600609899996
in_intersection,WITHIN INTERSECT,null,42.36679362800004,-71.10600609899996
in_intersection,WITHIN INTERSECT,null,42.36679362800004,-71.10600609899996
in_intersection,WITHIN INTERSECT,null,42.36679362800004,-71.10600609899996
in_intersection,WITHIN INTERSECT,null,42.36679362800004,-71.10600609899996
in_intersection,WITHIN INTERSECT,null,42.36679362800004,-71.10600609899996
in_intersection,WITHIN INTERSECT,null,42.36679362800004,-71.10600609899996
in_intersection,WITHIN INTERSECT,null,42.36679362800004,-71.10600609899996
in_intersection,WITHIN INTERSECT,null,42.36679362800004,-71.10600609899996
in_intersection,WITHIN INTERSECT,null,42.36679362800004,-71.10600609899996
in_intersection,WITHIN INTERSECT,null,42.36679362800004,-71.10600609899996
in_intersection,WITHIN INTERSECT,null,42.36679362800004,-71.10600609899996
in_intersection,WITHIN INTERSECT,null,42.36679362800004,-71.10600609899996
in_intersection,WITHIN INTERSECT,null,42.36679362800004,-71.10600609899996
in_intersection,WITHIN INTERSECT,null,42.36679362800004,-71.10600609899996
in_intersection,WITHIN INTERSECT,null,42.36679362800004,-71.10600609899996
in_intersection,WITHIN INTERSECT,null,42.36679362800004,-71.10600609899996
in_intersection,WITHIN INTERSECT,null,42.36679362800004,-71.10600609899996
in_intersection,WITHIN INTERSECT,null,42.36679362800004,-71.10600609899996
in_intersection,WITHIN INTERSECT,null,42.36679362800004,-71.10600609899996
in_intersection,WITHIN INTERSECT,null,42.36679362800004,-71.10600609899996
in_intersection,WITHIN INTERSECT,null,42.36679362800004,-71.10600609899996
in_intersection,WITHIN INTERSECT,null,42.36679362800004,-71.10600609899996
in_intersection,WITHIN INTERSECT,null,42.36679362800004,-71.10600609899996
in_intersection,WITHIN INTERSECT,null,42.37961212000005,-71.11125743799994
in_intersection,WITHIN INTERSECT,null,42.36679362800004,-71.10600609899996
in_intersection,WITHIN INTERSECT,null,42.36679362800004,-71.10600609899996
in_intersection,WITHIN INTERSECT,null,42.36679362800004,-71.10600609899996
in_intersection,WITHIN INTERSECT,null,42.38515207100005,-71.12302817399996
in_intersection,WITHIN INTERSECT,null,42.36679362800004,-71.10600609899996
in_intersection,WITHIN INTERSECT,null,42.38211609600006,-71.11622390199994
in_intersection,WITHIN INTERSECT,null,42.36679362800004,-71.10600609899996
in_intersection,WITHIN INTERSECT,null,42.37732148400005,-71.15059981499996
in_intersection,WITHIN INTERSECT,null,42.36679362800004,-71.10600609899996
in_intersection,WITHIN INTERSECT,null,42.36679362800004,-71.10600609899996
in_intersection,WITHIN INTERSECT,null,42.36679362800004,-71.10600609899996
in_intersection,WITHIN INTERSECT,null,42.36679362800004,-71.10600609899996
in_intersection,WITHIN INTERSECT,null,42.36679362800004,-71.10600609899996
in_intersection,WITHIN INTERSECT,null,42.362000300000034,-71.10554920699997
in_intersection,WITHIN INTERSECT,null,42.36679362800004,-71.10600609899996
in_intersection,WITHIN INTERSECT,null,42.36679362800004,-71.10600609899996
in_intersection,WITHIN INTERSECT,null,42.36679362800004,-71.10600609899996
in_intersection,WITHIN INTERSECT,null,42.36679362800004,-71.10600609899996
in_intersection,WITHIN INTERSECT,null,42.36679362800004,-71.10600609899996
in_intersection,WITHIN INTERSECT,null,42.390126759000054,-71.11902048999997
in_intersection,WITHIN INTERSECT,null,42.36679362800004,-71.10600609899996
in_intersection,WITHIN INTERSECT,null,42.36679362800004,-71.10600609899996
in_intersection,WITHIN INTERSECT,null,42.36679362800004,-71.10600609899996
in_intersection,WITHIN INTERSECT,null,42.36679362800004,-71.10600609899996
in_intersection,WITHIN INTERSECT,null,42.36679362800004,-71.10600609899996
in_intersection,WITHIN INTERSECT,0,42.38144316300003,-71.11635756699997
in_intersection,WITHIN INTERSECT,null,42.38144316300003,-71.11635756699997
in_intersection,WITHIN INTERSECT,null,42.38144316300003,-71.11635756699997
in_intersection,WITHIN INTERSECT,null,42.38144316300003,-71.11635756699997
in_intersection,WITHIN INTERSECT,null,42.38144316300003,-71.11635756699997
in_intersection,WITHIN INTERSECT,null,42.38144316300003,-71.11635756699997
in_intersection,WITHIN INTERSECT,null,42.38144316300003,-71.11635756699997
in_intersection,WITHIN INTERSECT,null,42.38144316300003,-71.11635756699997
in_intersection,WITHIN INTERSECT,null,42.38144316300003,-71.11635756699997
in_intersection,WITHIN INTERSECT,null,42.38144316300003,-71.11635756699997
in_intersection,WITHIN INTERSECT,null,42.38144316300003,-71.11635756699997
in_intersection,WITHIN INTERSECT,null,42.38144316300003,-71.11635756699997
in_intersection,WITHIN INTERSECT,null,42.38144316300003,-71.11635756699997
in_intersection,WITHIN INTERSECT,null,42.38144316300003,-71.11635756699997
in_intersection,WITHIN INTERSECT,null,42.38144316300003,-71.11635756699997
in_intersection,WITHIN INTERSECT,null,42.38144316300003,-71.11635756699997
in_intersection,WITHIN INTERSECT,null,42.38144316300003,-71.11635756699997
in_intersection,WITHIN INTERSECT,null,42.38144316300003,-71.11635756699997
in_intersection,WITHIN INTERSECT,null,42.38144316300003,-71.11635756699997
in_intersection,WITHIN INTERSECT,null,42.38144316300003,-71.11635756699997
in_intersection,WITHIN INTERSECT,null,42.38144316300003,-71.11635756699997
in_intersection,WITHIN INTERSECT,null,42.38144316300003,-71.11635756699997
in_intersection,WITHIN INTERSECT,null,42.38144316300003,-71.11635756699997
in_intersection,WITHIN INTERSECT,null,42.38144316300003,-71.11635756699997
in_intersection,WITHIN INTERSECT,null,42.38144316300003,-71.11635756699997
in_intersection,WITHIN INTERSECT,null,42.38144316300003,-71.11635756699997
in_intersection,WITHIN INTERSECT,null,42.38144316300003,-71.11635756699997
in_intersection,WITHIN INTERSECT,null,42.38144316300003,-71.11635756699997
in_intersection,WITHIN INTERSECT,null,42.38144316300003,-71.11635756699997
in_intersection,WITHIN INTERSECT,null,42.38144316300003,-71.11635756699997
in_intersection,WITHIN INTERSECT,null,42.38144316300003,-71.11635756699997
in_intersection,WITHIN INTERSECT,null,42.38144316300003,-71.11635756699997
in_intersection,WITHIN INTERSECT,null,42.38144316300003,-71.11635756699997
in_intersection,WITHIN INTERSECT,null,42.38144316300003,-71.11635756699997
in_intersection,WITHIN INTERSECT,null,42.38144316300003,-71.11635756699997
in_intersection,WITHIN INTERSECT,null,42.393494,-71.133114
in_intersection,WITHIN INTERSECT,null,42.372584,-71.120168
in_intersection,WITHIN INTERSECT,null,42.397907,-71.13075
in_intersection,WITHIN INTERSECT,null,42.397907,-71.13075
in_intersection,WITHIN INTERSECT,null,42.397907,-71.13075
in_intersection,WITHIN INTERSECT,null,42.397907,-71.13075
in_intersection,WITHIN INTERSECT,null,42.397907,-71.13075
in_intersection,WITHIN INTERSECT,null,42.397907,-71.13075
in_intersection,WITHIN INTERSECT,null,42.397907,-71.13075
in_intersection,WITHIN INTERSECT,null,42.397907,-71.13075
in_intersection,WITHIN INTERSECT,null,42.397907,-71.13075
in_intersection,WITHIN INTERSECT,null,42.397907,-71.13075
in_intersection,WITHIN INTERSECT,null,42.397907,-71.13075
in_intersection,WITHIN INTERSECT,null,42.397907,-71.13075
in_intersection,WITHIN INTERSECT,null,42.397907,-71.13075
in_intersection,WITHIN INTERSECT,null,42.397907,-71.13075
in_intersection,WITHIN INTERSECT,null,42.397907,-71.13075
in_intersection,WITHIN INTERSECT,null,42.397907,-71.13075
in_intersection,WITHIN INTERSECT,null,42.397907,-71.13075
in_intersection,WITHIN INTERSECT,null,42.397907,-71.13075
in_intersection,WITHIN INTERSECT,null,42.397907,-71.13075
in_intersection,WITHIN INTERSECT,null,42.397907,-71.13075
in_intersection,WITHIN INTERSECT,null,42.397907,-71.13075
in_intersection,WITHIN INTERSECT,null,42.397907,-71.13075
in_intersection,WITHIN INTERSECT,null,42.397907,-71.13075
in_intersection,WITHIN INTERSECT,null,42.397907,-71.13075
in_intersection,WITHIN INTERSECT,null,42.397907,-71.13075
in_intersection,WITHIN INTERSECT,null,42.397907,-71.13075
in_intersection,WITHIN INTERSECT,null,42.397907,-71.13075
in_intersection,WITHIN INTERSECT,null,42.397907,-71.13075
in_intersection,WITHIN INTERSECT,null,42.397907,-71.13075
in_intersection,WITHIN INTERSECT,null,42.397907,-71.13075
in_intersection,WITHIN INTERSECT,null,42.397907,-71.13075
in_intersection,WITHIN INTERSECT,null,42.397907,-71.13075
in_intersection,WITHIN INTERSECT,null,42.397907,-71.13075
in_intersection,WITHIN INTERSECT,null,42.397907,-71.13075
in_intersection,WITHIN INTERSECT,null,42.397907,-71.13075
in_intersection,WITHIN INTERSECT,null,42.37513,-71.124792
in_intersection,WITHIN INTERSECT,null,42.382837,-71.119556
in_intersection,WITHIN INTERSECT,null,42.377871,-71.108275
in_intersection,WITHIN INTERSECT,null,42.394737,-71.130813
in_intersection,WITHIN INTERSECT,null,42.369827,-71.086992
in_intersection,WITHIN INTERSECT,null,42.369827,-71.086992
in_intersection,WITHIN INTERSECT,null,42.369827,-71.086992
in_intersection,WITHIN INTERSECT,null,42.369827,-71.086992
in_intersection,WITHIN INTERSECT,null,42.369827,-71.086992
in_intersection,WITHIN INTERSECT,null,42.369827,-71.086992
in_intersection,WITHIN INTERSECT,null,42.369827,-71.086992
in_intersection,WITHIN INTERSECT,null,42.369827,-71.086992
in_intersection,WITHIN INTERSECT,null,42.369827,-71.086992
in_intersection,WITHIN INTERSECT,null,42.369827,-71.086992
in_intersection,WITHIN INTERSECT,null,42.369827,-71.086992
in_intersection,WITHIN INTERSECT,null,42.369827,-71.086992
in_intersection,WITHIN INTERSECT,null,42.369827,-71.086992
in_intersection,WITHIN INTERSECT,null,42.369827,-71.086992
in_intersection,WITHIN INTERSECT,null,42.369827,-71.086992
in_intersection,WITHIN INTERSECT,null,42.369827,-71.086992
in_intersection,WITHIN INTERSECT,null,42.369827,-71.086992
in_intersection,WITHIN INTERSECT,null,42.369827,-71.086992
in_intersection,WITHIN INTERSECT,null,42.369827,-71.086992
in_intersection,WITHIN INTERSECT,null,42.369827,-71.086992
in_intersection,WITHIN INTERSECT,null,42.369827,-71.086992
in_intersection,WITHIN INTERSECT,null,42.369827,-71.086992
in_intersection,WITHIN INTERSECT,null,42.369827,-71.086992
in_intersection,WITHIN INTERSECT,null,42.369827,-71.086992
in_intersection,WITHIN INTERSECT,null,42.369827,-71.086992
in_intersection,WITHIN INTERSECT,null,42.369827,-71.086992
in_intersection,WITHIN INTERSECT,null,42.369827,-71.086992
in_intersection,WITHIN INTERSECT,null,42.369827,-71.086992
in_intersection,WITHIN INTERSECT,null,42.369827,-71.086992
in_intersection,WITHIN INTERSECT,null,42.369827,-71.086992
in_intersection,WITHIN INTERSECT,null,42.369827,-71.086992
in_intersection,WITHIN INTERSECT,null,42.369827,-71.086992
in_intersection,WITHIN INTERSECT,null,42.369827,-71.086992
in_intersection,WITHIN INTERSECT,null,42.377622,-71.109409
in_intersection,WITHIN INTERSECT,null,42.384331,-71.116094
in_intersection,WITHIN INTERSECT,null,42.36822,-71.090663
in_intersection,WITHIN INTERSECT,null,42.36986,-71.081809
in_intersection,WITHIN INTERSECT,null,42.368717,-71.090378
in_intersection,WITHIN INTERSECT,null,42.36822,-71.090663
in_intersection,WITHIN INTERSECT,null,42.368717,-71.090378
in_intersection,WITHIN INTERSECT,null,42.384651,-71.120398
in_intersection,WITHIN INTERSECT,null,42.372855,-71.088083
in_intersection,WITHIN INTERSECT,null,42.36822,-71.090663
in_intersection,WITHIN INTERSECT,null,42.36822,-71.090663
in_intersection,WITHIN INTERSECT,null,42.370974,-71.089105
in_intersection,WITHIN INTERSECT,null,42.368,-71.078222
in_intersection,WITHIN INTERSECT,null,42.368,-71.078222
in_intersection,WITHIN INTERSECT,null,42.368,-71.078222
in_intersection,WITHIN INTERSECT,null,42.368,-71.078222
in_intersection,WITHIN INTERSECT,null,42.368,-71.078222
in_intersection,WITHIN INTERSECT,null,42.368,-71.078222
in_intersection,WITHIN INTERSECT,null,42.368,-71.078222
in_intersection,WITHIN INTERSECT,null,42.368,-71.078222
in_intersection,WITHIN INTERSECT,null,42.368,-71.078222
in_intersection,WITHIN INTERSECT,null,42.368,-71.078222
in_intersection,WITHIN INTERSECT,null,42.368,-71.078222
in_intersection,WITHIN INTERSECT,null,42.368,-71.078222
in_intersection,WITHIN INTERSECT,null,42.368,-71.078222
in_intersection,WITHIN INTERSECT,null,42.368,-71.078222
in_intersection,WITHIN INTERSECT,null,42.368,-71.078222
in_intersection,WITHIN INTERSECT,null,42.368,-71.078222
in_intersection,WITHIN INTERSECT,null,42.368,-71.078222
in_intersection,WITHIN INTERSECT,null,42.368,-71.078222
in_intersection,WITHIN INTERSECT,null,42.368,-71.078222
in_intersection,WITHIN INTERSECT,null,42.368,-71.078222
in_intersection,WITHIN INTERSECT,null,42.368,-71.078222
in_intersection,WITHIN INTERSECT,null,42.368,-71.078222
in_intersection,WITHIN INTERSECT,null,42.368,-71.078222
in_intersection,WITHIN INTERSECT,null,42.368,-71.078222
in_intersection,WITHIN INTERSECT,null,42.368,-71.078222
in_intersection,WITHIN INTERSECT,null,42.368,-71.078222
in_intersection,WITHIN INTERSECT,null,42.368,-71.078222
in_intersection,WITHIN INTERSECT,null,42.368,-71.078222
in_intersection,WITHIN INTERSECT,null,42.368,-71.078222
in_intersection,WITHIN INTERSECT,null,42.368,-71.078222
in_intersection,WITHIN INTERSECT,null,42.368,-71.078222
in_intersection,WITHIN INTERSECT,null,42.368,-71.078222
in_intersection,WITHIN INTERSECT,null,42.368,-71.078222
in_intersection,WITHIN INTERSECT,null,42.368,-71.078222
in_intersection,WITHIN INTERSECT,null,42.368,-71.078222
in_intersection,WITHIN INTERSECT,null,42.368,-71.078222
in_intersection,WITHIN INTERSECT,null,42.368,-71.078222
in_intersection,WITHIN INTERSECT,null,42.368,-71.078222
in_intersection,WITHIN INTERSECT,null,42.368,-71.078222
in_intersection,WITHIN INTERSECT,null,42.368,-71.078222
in_intersection,WITHIN INTERSECT,null,42.368,-71.078222
in_intersection,WITHIN INTERSECT,null,42.368,-71.078222
in_intersection,WITHIN INTERSECT,null,42.368,-71.078222
in_intersection,WITHIN INTERSECT,null,42.368,-71.078222
in_intersection,WITHIN INTERSECT,null,42.368,-71.078222
in_intersection,WITHIN INTERSECT,null,42.368,-71.078222
in_intersection,WITHIN INTERSECT,null,42.368,-71.078222
in_intersection,WITHIN INTERSECT,null,42.368,-71.078222
in_intersection,WITHIN INTERSECT,null,42.368,-71.078222
in_intersection,WITHIN INTERSECT,null,42.368,-71.078222
in_intersection,WITHIN INTERSECT,null,42.368,-71.078222
in_intersection,WITHIN INTERSECT,null,42.368,-71.078222
in_intersection,WITHIN INTERSECT,null,42.368,-71.078222
in_intersection,WITHIN INTERSECT,null,42.368,-71.078222
in_intersection,WITHIN INTERSECT,null,42.368,-71.078222
in_intersection,WITHIN INTERSECT,null,42.368,-71.078222
in_intersection,WITHIN INTERSECT,null,42.368,-71.078222
in_intersection,WITHIN INTERSECT,null,42.368,-71.078222
in_intersection,WITHIN INTERSECT,null,42.368,-71.078222
in_intersection,WITHIN INTERSECT,null,42.368,-71.078222
in_intersection,WITHIN INTERSECT,null,42.368,-71.078222
in_intersection,WITHIN INTERSECT,null,42.368,-71.078222
in_intersection,WITHIN INTERSECT,null,42.368,-71.078222
in_intersection,WITHIN INTERSECT,null,42.368,-71.078222
in_intersection,WITHIN INTERSECT,null,42.368,-71.078222
in_intersection,WITHIN INTERSECT,null,42.368,-71.078222
in_intersection,WITHIN INTERSECT,null,42.368,-71.078222
in_intersection,WITHIN INTERSECT,null,42.368,-71.078222
in_intersection,WITHIN INTERSECT,null,42.368,-71.078222
in_intersection,WITHIN INTERSECT,null,42.368,-71.078222
in_intersection,WITHIN INTERSECT,null,42.368,-71.078222
in_intersection,WITHIN INTERSECT,null,42.368,-71.078222
in_intersection,WITHIN INTERSECT,null,42.368,-71.078222
in_intersection,WITHIN INTERSECT,null,42.368,-71.078222
in_intersection,WITHIN INTERSECT,null,42.368,-71.078222
in_intersection,WITHIN INTERSECT,null,42.368,-71.078222
in_intersection,WITHIN INTERSECT,null,42.368,-71.078222
in_intersection,WITHIN INTERSECT,null,42.368,-71.078222
in_intersection,WITHIN INTERSECT,null,42.368,-71.078222
in_intersection,WITHIN INTERSECT,null,42.368,-71.078222
in_intersection,WITHIN INTERSECT,null,42.368,-71.078222
in_intersection,WITHIN INTERSECT,null,42.368,-71.078222
in_intersection,WITHIN INTERSECT,null,42.368,-71.078222
in_intersection,WITHIN INTERSECT,null,42.368,-71.078222
in_intersection,WITHIN INTERSECT,null,42.368,-71.078222
in_intersection,WITHIN INTERSECT,null,42.368,-71.078222
in_intersection,WITHIN INTERSECT,null,42.368,-71.078222
in_intersection,WITHIN INTERSECT,null,42.368,-71.078222
in_intersection,WITHIN INTERSECT,null,42.368,-71.078222
in_intersection,WITHIN INTERSECT,null,42.368,-71.078222
in_intersection,WITHIN INTERSECT,null,42.368,-71.078222
in_intersection,WITHIN INTERSECT,null,42.368,-71.078222
in_intersection,WITHIN INTERSECT,null,42.368,-71.078222
in_intersection,WITHIN INTERSECT,null,42.368,-71.078222
in_intersection,WITHIN INTERSECT,null,42.368,-71.078222
in_intersection,WITHIN INTERSECT,null,42.368,-71.078222
in_intersection,WITHIN INTERSECT,null,42.368,-71.078222
in_intersection,WITHIN INTERSECT,null,42.368,-71.078222
in_intersection,WITHIN INTERSECT,null,42.368,-71.078222
in_intersection,WITHIN INTERSECT,null,42.368,-71.078222
in_intersection,WITHIN INTERSECT,null,42.368,-71.078222
in_intersection,WITHIN INTERSECT,null,42.368,-71.078222
in_intersection,WITHIN INTERSECT,null,42.368,-71.078222
in_intersection,WITHIN INTERSECT,null,42.368,-71.078222
in_intersection,WITHIN INTERSECT,null,42.368,-71.078222
in_intersection,WITHIN INTERSECT,null,42.368,-71.078222
in_intersection,WITHIN INTERSECT,null,42.368,-71.078222
in_intersection,WITHIN INTERSECT,null,42.368,-71.078222
in_intersection,WITHIN INTERSECT,null,42.368,-71.078222
in_intersection,WITHIN INTERSECT,null,42.368,-71.078222
in_intersection,WITHIN INTERSECT,null,42.368,-71.078222
in_intersection,WITHIN INTERSECT,null,42.368,-71.078222
in_intersection,WITHIN INTERSECT,null,42.368,-71.078222
in_intersection,WITHIN INTERSECT,null,42.368,-71.078222
in_intersection,WITHIN INTERSECT,null,42.368,-71.078222
in_intersection,WITHIN INTERSECT,null,42.368,-71.078222
in_intersection,WITHIN INTERSECT,null,42.368,-71.078222
in_intersection,WITHIN INTERSECT,null,42.368,-71.078222
in_intersection,WITHIN INTERSECT,null,42.368,-71.078222
in_intersection,WITHIN INTERSECT,null,42.368,-71.078222
in_intersection,WITHIN INTERSECT,null,42.368,-71.078222
in_intersection,WITHIN INTERSECT,null,42.368,-71.078222
in_intersection,WITHIN INTERSECT,null,42.368,-71.078222
in_intersection,WITHIN INTERSECT,null,42.368,-71.078222
in_intersection,WITHIN INTERSECT,null,42.368,-71.078222
in_intersection,WITHIN INTERSECT,null,42.368,-71.078222
in_intersection,WITHIN INTERSECT,null,42.368,-71.078222
in_intersection,WITHIN INTERSECT,null,42.368,-71.078222
in_intersection,WITHIN INTERSECT,null,42.368,-71.078222
in_intersection,WITHIN INTERSECT,null,42.368,-71.078222
in_intersection,WITHIN INTERSECT,null,42.368,-71.078222
in_intersection,WITHIN INTERSECT,null,42.368,-71.078222
in_intersection,WITHIN INTERSECT,null,42.368,-71.078222
in_intersection,WITHIN INTERSECT,null,42.368,-71.078222
in_intersection,WITHIN INTERSECT,null,42.368,-71.078222
in_intersection,WITHIN INTERSECT,null,42.368,-71.078222
in_intersection,WITHIN INTERSECT,null,42.368,-71.078222
in_intersection,WITHIN INTERSECT,null,42.368,-71.078222
in_intersection,WITHIN INTERSECT,null,42.368,-71.078222
in_intersection,WITHIN INTERSECT,null,42.368,-71.078222
in_intersection,WITHIN INTERSECT,null,42.368,-71.078222
in_intersection,WITHIN INTERSECT,null,42.368,-71.078222
in_intersection,WITHIN INTERSECT,null,42.368,-71.078222
in_intersection,WITHIN INTERSECT,null,42.368,-71.078222
in_intersection,WITHIN INTERSECT,null,42.368,-71.078222
in_intersection,WITHIN INTERSECT,null,42.368,-71.078222
in_intersection,WITHIN INTERSECT,null,42.368,-71.078222
in_intersection,WITHIN INTERSECT,null,42.368,-71.078222
in_intersection,WITHIN INTERSECT,null,42.368,-71.078222
in_intersection,WITHIN INTERSECT,null,42.368,-71.078222
in_intersection,WITHIN INTERSECT,null,42.368,-71.078222
in_intersection,WITHIN INTERSECT,null,42.368,-71.078222
in_intersection,WITHIN INTERSECT,null,42.368,-71.078222
in_intersection,WITHIN INTERSECT,null,42.368,-71.078222
in_intersection,WITHIN INTERSECT,null,42.368,-71.078222
in_intersection,WITHIN INTERSECT,null,42.368,-71.078222
in_intersection,WITHIN INTERSECT,null,42.368,-71.078222
in_intersection,WITHIN INTERSECT,null,42.368,-71.078222
in_intersection,WITHIN INTERSECT,null,42.368,-71.078222
in_intersection,WITHIN INTERSECT,null,42.368,-71.078222
in_intersection,WITHIN INTERSECT,null,42.368,-71.078222
in_intersection,WITHIN INTERSECT,null,42.368,-71.078222
in_intersection,WITHIN INTERSECT,null,42.368,-71.078222
in_intersection,WITHIN INTERSECT,null,42.368,-71.078222
in_intersection,WITHIN INTERSECT,null,42.368,-71.078222
in_intersection,WITHIN INTERSECT,null,42.368,-71.078222
in_intersection,WITHIN INTERSECT,null,42.368,-71.078222
in_intersection,WITHIN INTERSECT,null,42.368,-71.078222
in_intersection,WITHIN INTERSECT,null,42.368,-71.078222
in_intersection,WITHIN INTERSECT,null,42.368,-71.078222
in_intersection,WITHIN INTERSECT,null,42.368,-71.078222
in_intersection,WITHIN INTERSECT,null,42.368,-71.078222
in_intersection,WITHIN INTERSECT,null,42.368,-71.078222
in_intersection,WITHIN INTERSECT,null,42.368,-71.078222
in_intersection,WITHIN INTERSECT,null,42.368,-71.078222
in_intersection,WITHIN INTERSECT,null,42.368,-71.078222
in_intersection,WITHIN INTERSECT,null,42.368,-71.078222
in_intersection,WITHIN INTERSECT,null,42.368,-71.078222
in_intersection,WITHIN INTERSECT,null,42.368,-71.078222
in_intersection,WITHIN INTERSECT,null,42.368,-71.078222
in_intersection,WITHIN INTERSECT,null,42.368,-71.078222
in_intersection,WITHIN INTERSECT,null,42.368,-71.078222
in_intersection,WITHIN INTERSECT,null,42.368,-71.078222
in_intersection,WITHIN INTERSECT,null,42.363425,-71.101924
in_intersection,WITHIN INTERSECT,null,42.366851,-71.123276
in_intersection,WITHIN INTERSECT,null,42.368574,-71.098969
in_intersection,WITHIN INTERSECT,null,42.401479,-71.133223
in_intersection,WITHIN INTERSECT,null,42.389007,-71.121127
in_intersection,WITHIN INTERSECT,null,42.383484,-71.114592
in_intersection,WITHIN INTERSECT,null,42.370067,-71.083464
in_intersection,WITHIN INTERSECT,null,42.36159,-71.105985
in_intersection,WITHIN INTERSECT,null,42.369359,-71.0955
in_intersection,WITHIN INTERSECT,null,42.369603,-71.103963
in_intersection,WITHIN INTERSECT,null,42.370617,-71.114852
in_intersection,WITHIN INTERSECT,null,42.370067,-71.083464
in_intersection,WITHIN INTERSECT,null,42.365995,-71.100774
in_intersection,WITHIN INTERSECT,null,42.356842,-71.110445
in_intersection,WITHIN INTERSECT,null,42.370067,-71.083464
in_intersection,WITHIN INTERSECT,null,42.362336,-71.102933
in_intersection,WITHIN INTERSECT,null,42.362336,-71.102933
in_intersection,WITHIN INTERSECT,null,42.36243,-71.102563
in_intersection,WITHIN INTERSECT,null,42.365935,-71.100815
in_intersection,WITHIN INTERSECT,null,42.365935,-71.100815
in_intersection,WITHIN INTERSECT,null,42.365935,-71.100815
in_intersection,WITHIN INTERSECT,null,42.365995,-71.100774
in_intersection,WITHIN INTERSECT,null,42.365995,-71.100774
in_intersection,WITHIN INTERSECT,null,42.365995,-71.100774
in_intersection,WITHIN INTERSECT,null,42.365033,-71.097095
in_intersection,WITHIN INTERSECT,null,42.38319,-71.119637
in_intersection,WITHIN INTERSECT,null,42.394773,-71.130822
in_intersection,WITHIN INTERSECT,null,42.370067,-71.083464
in_intersection,WITHIN INTERSECT,null,42.363102,-71.095267
in_intersection,WITHIN INTERSECT,null,42.370067,-71.083464
in_intersection,WITHIN INTERSECT,null,42.371546,-71.078461
in_intersection,WITHIN INTERSECT,null,42.372009,-71.107828
in_intersection,WITHIN INTERSECT,null,42.368702,-71.08378
in_intersection,WITHIN INTERSECT,null,42.370067,-71.083464
in_intersection,WITHIN INTERSECT,null,42.36986,-71.081809
in_intersection,WITHIN INTERSECT,null,42.370067,-71.083464
in_intersection,WITHIN INTERSECT,null,42.364399,-71.114832
in_intersection,WITHIN INTERSECT,null,42.389479,-71.121391
in_intersection,WITHIN INTERSECT,null,42.367721,-71.095193
in_intersection,WITHIN INTERSECT,null,42.370067,-71.083464
in_intersection,WITHIN INTERSECT,null,42.368702,-71.08378
in_intersection,WITHIN INTERSECT,null,42.369654,-71.11211
in_intersection,WITHIN INTERSECT,null,42.369654,-71.11211
in_intersection,WITHIN INTERSECT,null,42.369654,-71.11211
in_intersection,WITHIN INTERSECT,null,42.369654,-71.11211
in_intersection,WITHIN INTERSECT,null,42.369654,-71.11211
in_intersection,WITHIN INTERSECT,null,42.369654,-71.11211
in_intersection,WITHIN INTERSECT,null,42.369654,-71.11211
in_intersection,WITHIN INTERSECT,null,42.369654,-71.11211
in_intersection,WITHIN INTERSECT,null,42.369654,-71.11211
in_intersection,WITHIN INTERSECT,null,42.369654,-71.11211
in_intersection,WITHIN INTERSECT,null,42.369654,-71.11211
in_intersection,WITHIN INTERSECT,null,42.369654,-71.11211
in_intersection,WITHIN INTERSECT,null,42.369654,-71.11211
in_intersection,WITHIN INTERSECT,null,42.369654,-71.11211
in_intersection,WITHIN INTERSECT,null,42.369654,-71.11211
in_intersection,WITHIN INTERSECT,null,42.369654,-71.11211
in_intersection,WITHIN INTERSECT,null,42.369654,-71.11211
in_intersection,WITHIN INTERSECT,null,42.369654,-71.11211
in_intersection,WITHIN INTERSECT,null,42.369654,-71.11211
in_intersection,WITHIN INTERSECT,null,42.369654,-71.11211
in_intersection,WITHIN INTERSECT,null,42.369654,-71.11211
in_intersection,WITHIN INTERSECT,null,42.369654,-71.11211
in_intersection,WITHIN INTERSECT,null,42.369654,-71.11211
in_intersection,WITHIN INTERSECT,null,42.369654,-71.11211
in_intersection,WITHIN INTERSECT,null,42.369654,-71.11211
in_intersection,WITHIN INTERSECT,null,42.369654,-71.11211
in_intersection,WITHIN INTERSECT,null,42.369654,-71.11211
in_intersection,WITHIN INTERSECT,null,42.369654,-71.11211
in_intersection,WITHIN INTERSECT,null,42.369654,-71.11211
in_intersection,WITHIN INTERSECT,null,42.369654,-71.11211
in_intersection,WITHIN INTERSECT,null,42.369654,-71.11211
in_intersection,WITHIN INTERSECT,null,42.369654,-71.11211
in_intersection,WITHIN INTERSECT,null,42.369654,-71.11211
in_intersection,WITHIN INTERSECT,null,42.369654,-71.11211
in_intersection,WITHIN INTERSECT,null,42.369654,-71.11211
in_intersection,WITHIN INTERSECT,null,42.369654,-71.11211
in_intersection,WITHIN INTERSECT,null,42.369654,-71.11211
in_intersection,WITHIN INTERSECT,null,42.369654,-71.11211
in_intersection,WITHIN INTERSECT,null,42.369654,-71.11211
in_intersection,WITHIN INTERSECT,null,42.369654,-71.11211
in_intersection,WITHIN INTERSECT,null,42.369654,-71.11211
in_intersection,WITHIN INTERSECT,null,42.369654,-71.11211
in_intersection,WITHIN INTERSECT,null,42.369654,-71.11211
in_intersection,WITHIN INTERSECT,null,42.369654,-71.11211
in_intersection,WITHIN INTERSECT,null,42.369654,-71.11211
in_intersection,WITHIN INTERSECT,null,42.369654,-71.11211
in_intersection,WITHIN INTERSECT,null,42.369654,-71.11211
in_intersection,WITHIN INTERSECT,null,42.369654,-71.11211
in_intersection,WITHIN INTERSECT,null,42.369654,-71.11211
in_intersection,WITHIN INTERSECT,null,42.369654,-71.11211
in_intersection,WITHIN INTERSECT,null,42.369654,-71.11211
in_intersection,WITHIN INTERSECT,null,42.369654,-71.11211
in_intersection,WITHIN INTERSECT,null,42.369654,-71.11211
in_intersection,WITHIN INTERSECT,null,42.369654,-71.11211
in_intersection,WITHIN INTERSECT,null,42.369654,-71.11211
in_intersection,WITHIN INTERSECT,null,42.369654,-71.11211
in_intersection,WITHIN INTERSECT,null,42.369654,-71.11211
in_intersection,WITHIN INTERSECT,null,42.369654,-71.11211
in_intersection,WITHIN INTERSECT,null,42.369654,-71.11211
in_intersection,WITHIN INTERSECT,null,42.369654,-71.11211
in_intersection,WITHIN INTERSECT,null,42.369654,-71.11211
in_intersection,WITHIN INTERSECT,null,42.369654,-71.11211
in_intersection,WITHIN INTERSECT,null,42.369654,-71.11211
in_intersection,WITHIN INTERSECT,null,42.369654,-71.11211
in_intersection,WITHIN INTERSECT,null,42.369654,-71.11211
in_intersection,WITHIN INTERSECT,null,42.369654,-71.11211
in_intersection,WITHIN INTERSECT,null,42.369654,-71.11211
in_intersection,WITHIN INTERSECT,null,42.369654,-71.11211
in_intersection,WITHIN INTERSECT,null,42.369654,-71.11211
in_intersection,WITHIN INTERSECT,null,42.369654,-71.11211
in_intersection,WITHIN INTERSECT,null,42.369654,-71.11211
in_intersection,WITHIN INTERSECT,null,42.369654,-71.11211
in_intersection,WITHIN INTERSECT,null,42.369654,-71.11211
in_intersection,WITHIN INTERSECT,null,42.369654,-71.11211
in_intersection,WITHIN INTERSECT,null,42.369654,-71.11211
in_intersection,WITHIN INTERSECT,null,42.369654,-71.11211
in_intersection,WITHIN INTERSECT,null,42.369654,-71.11211
in_intersection,WITHIN INTERSECT,null,42.369654,-71.11211
in_intersection,WITHIN INTERSECT,null,42.369654,-71.11211
in_intersection,WITHIN INTERSECT,null,42.369654,-71.11211
in_intersection,WITHIN INTERSECT,null,42.369654,-71.11211
in_intersection,WITHIN INTERSECT,null,42.369654,-71.11211
in_intersection,WITHIN INTERSECT,null,42.369654,-71.11211
in_intersection,WITHIN INTERSECT,null,42.369654,-71.11211
in_intersection,WITHIN INTERSECT,null,42.369654,-71.11211
in_intersection,WITHIN INTERSECT,null,42.369654,-71.11211
in_intersection,WITHIN INTERSECT,null,42.369654,-71.11211
in_intersection,WITHIN INTERSECT,null,42.369654,-71.11211
in_intersection,WITHIN INTERSECT,null,42.369654,-71.11211
in_intersection,WITHIN INTERSECT,null,42.369654,-71.11211
in_intersection,WITHIN INTERSECT,null,42.369654,-71.11211
in_intersection,WITHIN INTERSECT,null,42.369654,-71.11211
in_intersection,WITHIN INTERSECT,null,42.369654,-71.11211
in_intersection,WITHIN INTERSECT,null,42.369654,-71.11211
in_intersection,WITHIN INTERSECT,null,42.369654,-71.11211
in_intersection,WITHIN INTERSECT,null,42.366012,-71.100763
in_intersection,WITHIN INTERSECT,null,42.36986,-71.081809
in_intersection,WITHIN INTERSECT,null,42.363425,-71.101924
in_intersection,WITHIN INTERSECT,null,42.370067,-71.083464
in_intersection,WITHIN INTERSECT,null,42.38231,-71.129051
in_intersection,WITHIN INTERSECT,null,42.376845,-71.111445
in_intersection,WITHIN INTERSECT,null,42.373221,-71.105582
in_intersection,WITHIN INTERSECT,null,42.376142,-71.15377
in_intersection,WITHIN INTERSECT,null,42.374502,-71.106953
in_intersection,WITHIN INTERSECT,null,42.372597,-71.098709
in_intersection,WITHIN INTERSECT,null,42.373221,-71.105582
in_intersection,WITHIN INTERSECT,null,42.373221,-71.105582
in_intersection,WITHIN INTERSECT,null,42.373221,-71.105582
in_intersection,WITHIN INTERSECT,null,42.373221,-71.105582
in_intersection,WITHIN INTERSECT,null,42.373221,-71.105582
in_intersection,WITHIN INTERSECT,null,42.373221,-71.105582
in_intersection,WITHIN INTERSECT,null,42.372309,-71.106289
in_intersection,WITHIN INTERSECT,null,42.371117,-71.086289
in_intersection,WITHIN INTERSECT,null,42.377702,-71.153047
in_intersection,WITHIN INTERSECT,null,42.373221,-71.105582
in_intersection,WITHIN INTERSECT,null,42.373221,-71.105582
in_intersection,WITHIN INTERSECT,null,42.377702,-71.153047
in_intersection,WITHIN INTERSECT,null,42.368702,-71.08378
in_intersection,WITHIN INTERSECT,null,42.371003,-71.114109
in_intersection,WITHIN INTERSECT,null,42.362715,-71.109753
in_intersection,WITHIN INTERSECT,null,42.368702,-71.08378
in_intersection,WITHIN INTERSECT,null,42.36679362800004,-71.10600609899996
in_intersection,WITHIN INTERSECTION,null,42.366791640000486,-71.10600946299962
in_intersection,WITHIN INTERSECTION,null,42.362567002000446,-71.09720178499964
in_intersection,WITHIN INTERSECTION,null,42.366791640000486,-71.10600946299962
in_intersection,WITHIN INTERSECTION,null,42.366791640000486,-71.10600946299962
in_intersection,WITHIN INTERSECTION,null,42.36743256900047,-71.09630094999966
in_intersection,WITHIN INTERSECTION,null,42.366791640000486,-71.10600946299962
in_intersection,WITHIN INTERSECTION,null,42.366791640000486,-71.10600946299962
in_intersection,WITHIN INTERSECTION,null,42.366791640000486,-71.10600946299962
in_intersection,WITHIN INTERSECTION,null,42.36829308300048,-71.09285735999964
in_intersection,WITHIN INTERSECTION,null,42.366791640000486,-71.10600946299962
in_intersection,WITHIN INTERSECTION,null,42.372650646000466,-71.12159779499967
in_intersection,WITHIN INTERSECTION,null,42.366791640000486,-71.10600946299962
in_intersection,WITHIN INTERSECTION,null,42.37011582000048,-71.08343223999964
in_intersection,WITHIN INTERSECTION,null,42.366791640000486,-71.10600946299962
in_intersection,WITHIN INTERSECTION,null,42.37319167300046,-71.09691396399967
in_intersection,WITHIN INTERSECTION,null,42.366791640000486,-71.10600946299962
in_intersection,WITHIN INTERSECTION,null,42.36904148500048,-71.09020916599962
in_intersection,WITHIN INTERSECTION,null,42.366791640000486,-71.10600946299962
in_intersection,WITHIN INTERSECTION,null,42.371411458000466,-71.13354835599966
in_intersection,WITHIN INTERSECTION,null,42.366791640000486,-71.10600946299962
in_intersection,WITHIN INTERSECTION,null,42.366791640000486,-71.10600946299962
in_intersection,WITHIN INTERSECTION,null,42.364917138000465,-71.09642539599963
in_intersection,WITHIN INTERSECTION,null,42.366791640000486,-71.10600946299962
in_intersection,WITHIN INTERSECTION,null,42.368055953000464,-71.09194301999963
in_intersection,WITHIN INTERSECTION,null,42.366791640000486,-71.10600946299962
in_intersection,WITHIN INTERSECTION,null,42.372650646000466,-71.12159779499967
in_intersection,WITHIN INTERSECTION,null,42.372650646000466,-71.12159779499967
in_intersection,WITHIN INTERSECTION,null,42.366791640000486,-71.10600946299962
in_intersection,WITHIN INTERSECTION,null,42.372650646000466,-71.12159779499967
in_intersection,WITHIN INTERSECTION,null,42.366791640000486,-71.10600946299962
in_intersection,WITHIN INTERSECTION,null,42.366791640000486,-71.10600946299962
in_intersection,WITHIN INTERSECTION,null,42.366791640000486,-71.10600946299962
in_intersection,WITHIN INTERSECTION,null,42.366791640000486,-71.10600946299962
in_intersection,WITHIN INTERSECTION,null,42.372650646000466,-71.12159779499967
in_intersection,WITHIN INTERSECTION,null,42.366791640000486,-71.10600946299962
in_intersection,WITHIN INTERSECTION,null,42.366791640000486,-71.10600946299962
in_intersection,WITHIN INTERSECTION,null,42.366791640000486,-71.10600946299962
in_intersection,WITHIN INTERSECTION,null,42.366791640000486,-71.10600946299962
in_intersection,WITHIN INTERSECTION,null,42.359043958000484,-71.11389398899962
in_intersection,WITHIN INTERSECTION,null,42.36545003800046,-71.11285609699962
in_intersection,WITHIN INTERSECTION,null,42.366791640000486,-71.10600946299962
in_intersection,WITHIN INTERSECTION,null,42.363316101000464,-71.09775055699964
in_intersection,WITHIN INTERSECTION,null,42.366791640000486,-71.10600946299962
in_intersection,WITHIN INTERSECTION,null,42.372650646000466,-71.12159779499967
in_intersection,WITHIN INTERSECTION,null,42.3655658720005,-71.09224030799965
in_intersection,WITHIN INTERSECTION,null,42.366791640000486,-71.10600946299962
in_intersection,WITHIN INTERSECTION,null,42.39159476600048,-71.12356739399962
in_intersection,WITHIN INTERSECTION,null,42.39159476600048,-71.12356739399962
in_intersection,WITHIN INTERSECTION,null,42.36679362800004,-71.10600609899996
in_intersection,WITHIN INTERSECTION,null,42.36679362800004,-71.10600609899996
in_intersection,WITHIN INTERSECTION,null,42.36679362800004,-71.10600609899996
in_intersection,WITHIN INTERSECTION,null,42.36679362800004,-71.10600609899996
in_intersection,WITHIN INTERSECTION,null,42.36679362800004,-71.10600609899996
in_intersection,WITHIN INTERSECTION,null,42.36679362800004,-71.10600609899996
in_intersection,WITHIN INTERSECTION,null,42.36679362800004,-71.10600609899996
in_intersection,WITHIN INTERSECTION,null,42.36679362800004,-71.10600609899996
in_intersection,WITHIN INTERSECTION,null,42.36985188600005,-71.08180845599998
in_intersection,WITHIN INTERSECTION,null,42.36679362800004,-71.10600609899996
in_intersection,WITHIN INTERSECTION,null,42.35904395700004,-71.11389398899996
in_intersection,WITHIN INTERSECTION,null,42.36679362800004,-71.10600609899996
in_intersection,WITHIN INTERSECTION,null,42.36679362800004,-71.10600609899996
in_intersection,WITHIN INTERSECTION,null,42.36679362800004,-71.10600609899996
in_intersection,WITHIN INTERSECTION,null,42.40076923400005,-71.13309561299997
in_intersection,WITHIN INTERSECTION,null,42.40106337800006,-71.13313825399996
in_intersection,WITHIN INTERSECTION,null,42.36679362800004,-71.10600609899996
in_intersection,WITHIN INTERSECTION,null,42.36679362800004,-71.10600609899996
in_intersection,WITHIN INTERSECTION,null,42.36679362800004,-71.10600609899996
in_intersection,WITHIN INTERSECTION,null,42.36679362800004,-71.10600609899996
in_intersection,WITHIN INTERSECTION,null,42.36679362800004,-71.10600609899996
in_intersection,WITHIN INTERSECTION,null,42.36679362800004,-71.10600609899996
in_intersection,WITHIN INTERSECTION,null,42.36679362800004,-71.10600609899996
in_intersection,WITHIN INTERSECTION,null,42.36679362800004,-71.10600609899996
in_intersection,WITHIN INTERSECTION,null,42.36679362800004,-71.10600609899996
in_intersection,WITHIN INTERSECTION,null,42.36679362800004,-71.10600609899996
in_intersection,WITHIN INTERSECTION,null,42.36342182200008,-71.10195775999995
in_intersection,WITHIN INTERSECTION,null,42.38144316300003,-71.11635756699997
in_intersection,WITHIN INTERSECTION,null,42.38144316300003,-71.11635756699997
in_intersection,WITHIN INTERSECTION,null,42.38144316300003,-71.11635756699997
in_intersection,WITHIN INTERSECTION,null,42.38144316300003,-71.11635756699997
in_intersection,WITHIN INTERSECTION,null,42.38144316300003,-71.11635756699997
in_intersection,WITHIN INTERSECTION,null,42.38144316300003,-71.11635756699997
in_intersection,WITHIN INTERSECTION,null,42.38144316300003,-71.11635756699997
in_intersection,WITHIN INTERSECTION,null,42.38144316300003,-71.11635756699997
in_intersection,WITHIN INTERSECTION,null,42.38144316300003,-71.11635756699997
in_intersection,WITHIN INTERSECTION,null,42.373302,-71.119527
in_intersection,WITHIN INTERSECTION,null,42.397907,-71.13075
in_intersection,WITHIN INTERSECTION,null,42.397907,-71.13075
in_intersection,WITHIN INTERSECTION,null,42.397907,-71.13075
in_intersection,WITHIN INTERSECTION,null,42.397907,-71.13075
in_intersection,WITHIN INTERSECTION,null,42.397907,-71.13075
in_intersection,WITHIN INTERSECTION,null,42.397907,-71.13075
in_intersection,WITHIN INTERSECTION,null,42.376663,-71.105734
in_intersection,WITHIN INTERSECTION,null,42.369827,-71.086992
in_intersection,WITHIN INTERSECTION,null,42.369827,-71.086992
in_intersection,WITHIN INTERSECTION,null,42.369827,-71.086992
in_intersection,WITHIN INTERSECTION,null,42.372933,-71.117229
in_intersection,WITHIN INTERSECTION,null,42.368,-71.078222
in_intersection,WITHIN INTERSECTION,null,42.368,-71.078222
in_intersection,WITHIN INTERSECTION,null,42.368,-71.078222
in_intersection,WITHIN INTERSECTION,null,42.368,-71.078222
in_intersection,WITHIN INTERSECTION,null,42.368,-71.078222
in_intersection,WITHIN INTERSECTION,null,42.368,-71.078222
in_intersection,WITHIN INTERSECTION,null,42.368,-71.078222
in_intersection,WITHIN INTERSECTION,null,42.368,-71.078222
in_intersection,WITHIN INTERSECTION,null,42.368,-71.078222
in_intersection,WITHIN INTERSECTION,null,42.368,-71.078222
in_intersection,WITHIN INTERSECTION,null,42.368,-71.078222
in_intersection,WITHIN INTERSECTION,null,42.368,-71.078222
in_intersection,WITHIN INTERSECTION,null,42.368,-71.078222
in_intersection,WITHIN INTERSECTION,null,42.368,-71.078222
in_intersection,WITHIN INTERSECTION,null,42.368,-71.078222
in_intersection,WITHIN INTERSECTION,null,42.368,-71.078222
in_intersection,WITHIN INTERSECTION,null,42.368,-71.078222
in_intersection,WITHIN INTERSECTION,null,42.368,-71.078222
in_intersection,WITHIN INTERSECTION,null,42.370361,-71.111328
in_intersection,WITHIN INTERSECTION,null,42.370361,-71.111328
in_intersection,WITHIN INTERSECTION,null,42.370361,-71.111328
in_intersection,WITHIN INTERSECTION,null,42.369654,-71.11211
in_intersection,WITHIN INTERSECTION,null,42.369654,-71.11211
in_intersection,WITHIN INTERSECTION,null,42.369654,-71.11211
in_intersection,WITHIN INTERSECTION,null,42.369654,-71.11211
in_intersection,WITHIN INTERSECTION,null,42.369654,-71.11211
in_intersection,WITHIN INTERSECTION,null,42.369654,-71.11211
in_intersection,WITHIN INTERSECTION,null,42.369654,-71.11211
in_intersection,WITHIN INTERSECTION,null,42.369654,-71.11211
in_intersection,WITHIN INTERSECTION,null,42.369654,-71.11211
in_intersection,WITHIN INTERSECTION,null,42.369654,-71.11211
in_intersection,WITHIN INTERSECTION,null,42.369654,-71.11211
in_intersection,WITHIN INTERSECTION,null,42.369654,-71.11211
in_intersection,WITHIN INTERSECTION,null,42.369654,-71.11211
in_intersection,WITHIN INTERSECTION,null,42.369654,-71.11211
in_intersection,WITHIN INTERSECTION,null,42.369654,-71.11211
in_intersection,WITHIN INTERSECTION,null,42.366187,-71.105044
in_intersection,WITHIN INTERSECTION,null,42.37265064600007,-71.12159779499996
